Country,Confirmed,Deaths,Recovered,Active,REPORT_DATE,NEW_CONFIRM,NEW_DEATH,NEW_RECOV,Deaths / 100 Cases,Recovered / 100 Cases,Deaths / 100 Recovered,Confirmed last week,WEEKLY_INC,1 week % increase,WEEK_START,WHO_Region,Population,ISO_CODE,GDP,CEOworld_Healthcare_Index,Vaccine_Policy,VAC_NAME,DOSE_AMOUNT,VAC_START_DAY,USAGE_PERC
Afghanistan,36263,1269,25198,9796,3/29/2026,106,10,18,3.5,69.49,5.04,35526,737,2.07,3/29/2026,Eastern Mediterranean,45047069,AFG,18080,,Recommended,Moderna,2,5/25/2022,64
Afghanistan,36263,1269,25198,9796,3/24/2026,106,10,18,3.5,69.49,5.04,35526,737,2.07,3/29/2026,Eastern Mediterranean,45047069,AFG,18080,,Healthcare Priority,AstraZeneca,2,1/23/2022,57
Afghanistan,36263,1269,25198,9796,3/26/2026,106,10,18,3.5,69.49,5.04,35526,737,2.07,3/29/2026,Eastern Mediterranean,45047069,AFG,18080,,Recommended,Sinovac,2,1/21/2022,85
Afghanistan,36263,1269,25198,9796,4/3/2026,106,10,18,3.5,69.49,5.04,35526,737,2.07,3/29/2026,Eastern Mediterranean,45047069,AFG,18080,,Mandatory,Pfizer,2,9/13/2021,23
Albania,4880,144,2745,1991,3/27/2026,117,6,63,2.95,56.25,5.25,4171,709,17,3/29/2026,Europe,2751025,ALB,32411,48.1,Recommended,Johnson&Johnson,1,2/28/2022,72
Albania,4880,144,2745,1991,3/25/2026,117,6,63,2.95,56.25,5.25,4171,709,17,3/29/2026,Europe,2751025,ALB,32411,48.1,Healthcare Priority,AstraZeneca,2,8/15/2021,45
Albania,4880,144,2745,1991,3/23/2026,117,6,63,2.95,56.25,5.25,4171,709,17,3/29/2026,Europe,2751025,ALB,32411,48.1,Age-Based Priority,Sinovac,2,11/7/2021,11
Algeria,27973,1163,18837,7973,3/28/2026,616,8,749,4.16,67.34,6.17,23691,4282,18.07,3/29/2026,Africa,48028334,DZA,284984,54.5,Recommended,Pfizer,2,4/10/2021,25
Andorra,907,52,803,52,3/27/2026,10,0,0,5.73,88.53,6.48,884,23,2.6,3/29/2026,Europe,83753,AND,4715,,Age-Based Priority,Pfizer,2,12/9/2020,39
Andorra,907,52,803,52,3/23/2026,10,0,0,5.73,88.53,6.48,884,23,2.6,3/29/2026,Europe,83753,AND,4715,,Age-Based Priority,Sinovac,2,10/25/2021,39
Andorra,907,52,803,52,4/3/2026,10,0,0,5.73,88.53,6.48,884,23,2.6,3/29/2026,Europe,83753,AND,4715,,Mandatory,Moderna,2,10/7/2022,27
Angola,950,41,242,667,3/28/2026,18,1,0,4.32,25.47,16.94,749,201,26.84,3/29/2026,Africa,40215179,AGO,109855,,Voluntary,Sinovac,2,3/16/2021,34
Angola,950,41,242,667,3/31/2026,18,1,0,4.32,25.47,16.94,749,201,26.84,3/29/2026,Africa,40215179,AGO,109855,,Mandatory,Pfizer,2,8/12/2021,70
Angola,950,41,242,667,3/26/2026,18,1,0,4.32,25.47,16.94,749,201,26.84,3/29/2026,Africa,40215179,AGO,109855,,Mandatory,Johnson&Johnson,1,6/1/2021,69
Angola,950,41,242,667,3/30/2026,18,1,0,4.32,25.47,16.94,749,201,26.84,3/29/2026,Africa,40215179,AGO,109855,,Healthcare Priority,Moderna,2,2/15/2021,69
Antigua and Barbuda,86,3,65,18,3/26/2026,4,0,5,3.49,75.58,4.62,76,10,13.16,3/29/2026,Americas,94626,ATG,2456,,Mandatory,Johnson&Johnson,1,11/27/2021,27
Argentina,167416,3059,72575,91782,3/27/2026,4890,120,2057,1.83,43.35,4.21,130774,36642,28.02,3/29/2026,Americas,46003734,ARG,667922,67.8,Recommended,Johnson&Johnson,1,2/10/2022,42
Argentina,167416,3059,72575,91782,4/1/2026,4890,120,2057,1.83,43.35,4.21,130774,36642,28.02,3/29/2026,Americas,46003734,ARG,667922,67.8,Healthcare Priority,Pfizer,2,2/10/2022,78
Argentina,167416,3059,72575,91782,3/30/2026,4890,120,2057,1.83,43.35,4.21,130774,36642,28.02,3/29/2026,Americas,46003734,ARG,667922,67.8,Recommended,Sinovac,2,6/1/2021,13
Argentina,167416,3059,72575,91782,3/29/2026,4890,120,2057,1.83,43.35,4.21,130774,36642,28.02,3/29/2026,Americas,46003734,ARG,667922,67.8,Age-Based Priority,AstraZeneca,2,1/30/2022,26
Armenia,37390,711,26665,10014,3/25/2026,73,6,187,1.9,71.32,2.67,34981,2409,6.89,3/29/2026,Europe,2930915,ARM,29082,59.5,Age-Based Priority,Johnson&Johnson,1,8/8/2022,91
Armenia,37390,711,26665,10014,3/24/2026,73,6,187,1.9,71.32,2.67,34981,2409,6.89,3/29/2026,Europe,2930915,ARM,29082,59.5,Voluntary,Sinovac,2,9/27/2021,81
Australia,15303,167,9311,5825,3/22/2026,368,6,137,1.09,60.84,1.79,12428,2875,23.13,3/29/2026,Western Pacific,27227096,AUS,1948227,72,Voluntary,Pfizer,2,1/25/2021,78
Australia,15303,167,9311,5825,3/28/2026,368,6,137,1.09,60.84,1.79,12428,2875,23.13,3/29/2026,Western Pacific,27227096,AUS,1948227,72,Voluntary,Moderna,2,4/22/2022,85
Australia,15303,167,9311,5825,4/1/2026,368,6,137,1.09,60.84,1.79,12428,2875,23.13,3/29/2026,Western Pacific,27227096,AUS,1948227,72,Age-Based Priority,Sinovac,2,1/30/2021,86
Austria,20558,713,18246,1599,4/3/2026,86,1,37,3.47,88.75,3.91,19743,815,4.13,3/29/2026,Europe,9107266,AUT,604198,78.9,Voluntary,AstraZeneca,2,12/31/2022,94
Azerbaijan,30446,423,23242,6781,3/27/2026,396,6,558,1.39,76.34,1.82,27890,2556,9.16,3/29/2026,Europe,10454855,AZE,80024,49,Voluntary,Moderna,2,4/17/2021,57
Azerbaijan,30446,423,23242,6781,3/26/2026,396,6,558,1.39,76.34,1.82,27890,2556,9.16,3/29/2026,Europe,10454855,AZE,80024,49,Recommended,AstraZeneca,2,9/12/2021,86
Bahamas,382,11,91,280,3/24/2026,40,0,0,2.88,23.82,12.09,174,208,119.54,3/29/2026,Americas,404628,BHS,16841,,Age-Based Priority,Johnson&Johnson,1,9/18/2022,95
Bahamas,382,11,91,280,3/23/2026,40,0,0,2.88,23.82,12.09,174,208,119.54,3/29/2026,Americas,404628,BHS,16841,,Recommended,AstraZeneca,2,8/31/2021,90
Bahamas,382,11,91,280,4/4/2026,40,0,0,2.88,23.82,12.09,174,208,119.54,3/29/2026,Americas,404628,BHS,16841,,Mandatory,Sinovac,2,7/19/2022,43
Bahrain,39482,141,36110,3231,3/24/2026,351,1,421,0.36,91.46,0.39,36936,2546,6.89,3/29/2026,Eastern Mediterranean,1675572,BHR,49194,,Age-Based Priority,AstraZeneca,2,3/22/2022,23
Bahrain,39482,141,36110,3231,4/1/2026,351,1,421,0.36,91.46,0.39,36936,2546,6.89,3/29/2026,Eastern Mediterranean,1675572,BHR,49194,,Age-Based Priority,Pfizer,2,2/18/2021,17
Bahrain,39482,141,36110,3231,4/2/2026,351,1,421,0.36,91.46,0.39,36936,2546,6.89,3/29/2026,Eastern Mediterranean,1675572,BHR,49194,,Age-Based Priority,Sinovac,2,5/18/2022,68
Bahrain,39482,141,36110,3231,4/3/2026,351,1,421,0.36,91.46,0.39,36936,2546,6.89,3/29/2026,Eastern Mediterranean,1675572,BHR,49194,,Healthcare Priority,Johnson&Johnson,1,5/30/2022,77
Bangladesh,226225,2965,125683,97577,4/2/2026,2772,37,1801,1.31,55.56,2.36,207453,18772,9.05,3/29/2026,South-East Asia,177818044,BGD,519288,42,Mandatory,AstraZeneca,2,7/26/2022,74
Bangladesh,226225,2965,125683,97577,3/25/2026,2772,37,1801,1.31,55.56,2.36,207453,18772,9.05,3/29/2026,South-East Asia,177818044,BGD,519288,42,Healthcare Priority,Sinovac,2,6/20/2021,60
Bangladesh,226225,2965,125683,97577,3/26/2026,2772,37,1801,1.31,55.56,2.36,207453,18772,9.05,3/29/2026,South-East Asia,177818044,BGD,519288,42,Mandatory,Johnson&Johnson,1,1/1/2021,43
Bangladesh,226225,2965,125683,97577,4/1/2026,2772,37,1801,1.31,55.56,2.36,207453,18772,9.05,3/29/2026,South-East Asia,177818044,BGD,519288,42,Age-Based Priority,Pfizer,2,6/26/2022,47
Barbados,110,7,94,9,3/31/2026,0,0,0,6.36,85.45,7.45,106,4,3.77,3/29/2026,Americas,282724,BRB,7944,,Mandatory,Sinovac,2,6/21/2022,39
Barbados,110,7,94,9,3/27/2026,0,0,0,6.36,85.45,7.45,106,4,3.77,3/29/2026,Americas,282724,BRB,7944,,Healthcare Priority,Johnson&Johnson,1,6/23/2021,74
Barbados,110,7,94,9,3/26/2026,0,0,0,6.36,85.45,7.45,106,4,3.77,3/29/2026,Americas,282724,BRB,7944,,Recommended,AstraZeneca,2,5/7/2021,93
Belarus,67251,538,60492,6221,3/30/2026,119,4,67,0.8,89.95,0.89,66213,1038,1.57,3/29/2026,Europe,8937018,BLR,90556,49.6,Healthcare Priority,Sinovac,2,5/13/2021,80
Belgium,66428,9822,17452,39154,3/28/2026,402,1,14,14.79,26.27,56.28,64094,2334,3.64,3/29/2026,Europe,11774642,BEL,761174,76.4,Voluntary,Pfizer,2,7/6/2022,47
Belgium,66428,9822,17452,39154,3/30/2026,402,1,14,14.79,26.27,56.28,64094,2334,3.64,3/29/2026,Europe,11774642,BEL,761174,76.4,Mandatory,Sinovac,2,4/18/2022,10
Belgium,66428,9822,17452,39154,3/31/2026,402,1,14,14.79,26.27,56.28,64094,2334,3.64,3/29/2026,Europe,11774642,BEL,761174,76.4,Voluntary,Moderna,2,4/14/2021,57
Belgium,66428,9822,17452,39154,3/25/2026,402,1,14,14.79,26.27,56.28,64094,2334,3.64,3/29/2026,Europe,11774642,BEL,761174,76.4,Age-Based Priority,Johnson&Johnson,1,12/28/2020,34
Belize,48,2,26,20,3/23/2026,0,0,0,4.17,54.17,7.69,40,8,20,3/29/2026,Americas,428644,BLZ,3442,,Recommended,Sinovac,2,12/6/2021,66
Belize,48,2,26,20,4/2/2026,0,0,0,4.17,54.17,7.69,40,8,20,3/29/2026,Americas,428644,BLZ,3442,,Mandatory,Johnson&Johnson,1,2/23/2021,30
Belize,48,2,26,20,3/24/2026,0,0,0,4.17,54.17,7.69,40,8,20,3/29/2026,Americas,428644,BLZ,3442,,Healthcare Priority,AstraZeneca,2,11/4/2022,84
Belize,48,2,26,20,3/27/2026,0,0,0,4.17,54.17,7.69,40,8,20,3/29/2026,Americas,428644,BLZ,3442,,Mandatory,Pfizer,2,5/23/2022,55
Benin,1770,35,1036,699,3/30/2026,0,0,0,1.98,58.53,3.38,1602,168,10.49,3/29/2026,Africa,15170419,BEN,27453,,Age-Based Priority,AstraZeneca,2,2/26/2022,15
Benin,1770,35,1036,699,3/26/2026,0,0,0,1.98,58.53,3.38,1602,168,10.49,3/29/2026,Africa,15170419,BEN,27453,,Recommended,Moderna,2,7/4/2021,86
Benin,1770,35,1036,699,3/31/2026,0,0,0,1.98,58.53,3.38,1602,168,10.49,3/29/2026,Africa,15170419,BEN,27453,,Age-Based Priority,Sinovac,2,1/2/2022,53
Bhutan,99,0,86,13,4/2/2026,4,0,1,0,86.87,0,90,9,10,3/29/2026,South-East Asia,802214,BTN,3771,,Age-Based Priority,Moderna,2,4/25/2021,35
Bhutan,99,0,86,13,4/1/2026,4,0,1,0,86.87,0,90,9,10,3/29/2026,South-East Asia,802214,BTN,3771,,Recommended,AstraZeneca,2,4/10/2022,82
Bhutan,99,0,86,13,3/28/2026,4,0,1,0,86.87,0,90,9,10,3/29/2026,South-East Asia,802214,BTN,3771,,Mandatory,Sinovac,2,5/28/2022,37
Bhutan,99,0,86,13,3/31/2026,4,0,1,0,86.87,0,90,9,10,3/29/2026,South-East Asia,802214,BTN,3771,,Mandatory,Johnson&Johnson,1,6/1/2021,14
Bolivia,71181,2647,21478,47056,4/1/2026,1752,64,309,3.72,30.17,12.32,60991,10190,16.71,3/29/2026,Americas,12749291,BOL,57086,,Recommended,Moderna,2,6/25/2022,10
Bolivia,71181,2647,21478,47056,3/30/2026,1752,64,309,3.72,30.17,12.32,60991,10190,16.71,3/29/2026,Americas,12749291,BOL,57086,,Recommended,Johnson&Johnson,1,9/25/2022,64
Bosnia and Herzegovina,10498,294,4930,5274,3/31/2026,731,14,375,2.8,46.96,5.96,8479,2019,23.81,3/29/2026,Europe,3114242,BIH,36239,54.6,Healthcare Priority,AstraZeneca,2,11/20/2022,13
Bosnia and Herzegovina,10498,294,4930,5274,3/27/2026,731,14,375,2.8,46.96,5.96,8479,2019,23.81,3/29/2026,Europe,3114242,BIH,36239,54.6,Healthcare Priority,Johnson&Johnson,1,12/1/2021,77
Botswana,739,2,63,674,3/26/2026,53,1,11,0.27,8.53,3.17,522,217,41.57,3/29/2026,Africa,2603388,BWA,20708,,Age-Based Priority,AstraZeneca,2,8/20/2022,50
Botswana,739,2,63,674,3/25/2026,53,1,11,0.27,8.53,3.17,522,217,41.57,3/29/2026,Africa,2603388,BWA,20708,,Voluntary,Johnson&Johnson,1,12/1/2020,63
Botswana,739,2,63,674,4/2/2026,53,1,11,0.27,8.53,3.17,522,217,41.57,3/29/2026,Africa,2603388,BWA,20708,,Mandatory,Moderna,2,1/17/2022,31
Brazil,2442375,87618,1846641,508116,3/31/2026,23284,614,33728,3.59,75.61,4.74,2118646,323729,15.28,3/29/2026,Americas,213562666,BRA,2292690,59.3,Voluntary,Moderna,2,6/5/2021,44
Brazil,2442375,87618,1846641,508116,4/4/2026,23284,614,33728,3.59,75.61,4.74,2118646,323729,15.28,3/29/2026,Americas,213562666,BRA,2292690,59.3,Voluntary,Pfizer,2,5/3/2021,90
Brunei,141,3,138,0,3/31/2026,0,0,0,2.13,97.87,2.17,141,0,0,3/29/2026,Western Pacific,469775,BRN,16457,,Healthcare Priority,Johnson&Johnson,1,7/5/2022,17
Brunei,141,3,138,0,3/22/2026,0,0,0,2.13,97.87,2.17,141,0,0,3/29/2026,Western Pacific,469775,BRN,16457,,Age-Based Priority,Moderna,2,3/17/2022,45
Brunei,141,3,138,0,3/26/2026,0,0,0,2.13,97.87,2.17,141,0,0,3/29/2026,Western Pacific,469775,BRN,16457,,Voluntary,Pfizer,2,6/15/2021,26
Brunei,141,3,138,0,4/1/2026,0,0,0,2.13,97.87,2.17,141,0,0,3/29/2026,Western Pacific,469775,BRN,16457,,Age-Based Priority,Sinovac,2,11/23/2022,28
Bulgaria,10621,347,5585,4689,3/29/2026,194,7,230,3.27,52.58,6.21,8929,1692,18.95,3/29/2026,Europe,6667659,BGR,142203,58.3,Mandatory,Johnson&Johnson,1,11/22/2022,90
Bulgaria,10621,347,5585,4689,3/23/2026,194,7,230,3.27,52.58,6.21,8929,1692,18.95,3/29/2026,Europe,6667659,BGR,142203,58.3,Age-Based Priority,Moderna,2,11/13/2022,91
Bulgaria,10621,347,5585,4689,3/28/2026,194,7,230,3.27,52.58,6.21,8929,1692,18.95,3/29/2026,Europe,6667659,BGR,142203,58.3,Voluntary,Sinovac,2,11/1/2022,48
Burkina Faso,1100,53,926,121,3/23/2026,14,0,6,4.82,84.18,5.72,1065,35,3.29,3/29/2026,Africa,24601700,BFA,30705,,Recommended,Johnson&Johnson,1,12/27/2020,70
Burma,350,6,292,52,3/30/2026,0,0,2,1.71,83.43,2.05,341,9,2.64,3/29/2026,South-East Asia,55184819,MMR,65171,,Recommended,Pfizer,2,7/26/2021,19
Burundi,378,1,301,76,3/22/2026,17,0,22,0.26,79.63,0.33,322,56,17.39,3/29/2026,Africa,14729157,BDI,9212,,Healthcare Priority,Moderna,2,9/22/2022,74
Burundi,378,1,301,76,4/1/2026,17,0,22,0.26,79.63,0.33,322,56,17.39,3/29/2026,Africa,14729157,BDI,9212,,Age-Based Priority,Pfizer,2,9/19/2021,26
Burundi,378,1,301,76,4/3/2026,17,0,22,0.26,79.63,0.33,322,56,17.39,3/29/2026,Africa,14729157,BDI,9212,,Healthcare Priority,Johnson&Johnson,1,9/26/2022,62
Cabo Verde,2328,22,1550,756,4/3/2026,21,0,103,0.95,66.58,1.42,2071,257,12.41,3/29/2026,Africa,529630,CPV,51506,,Mandatory,AstraZeneca,2,5/26/2022,75
Cambodia,226,0,147,79,3/30/2026,1,0,4,0,65.04,0,171,55,32.16,3/29/2026,Western Pacific,18051219,KHM,67517,51.6,Age-Based Priority,Moderna,2,9/14/2021,93
Cameroon,17110,391,14539,2180,4/2/2026,402,6,0,2.29,84.97,2.69,16157,953,5.9,3/29/2026,Africa,30640817,CMR,2420837,,Voluntary,Johnson&Johnson,1,10/12/2021,11
Cameroon,17110,391,14539,2180,3/29/2026,402,6,0,2.29,84.97,2.69,16157,953,5.9,3/29/2026,Africa,30640817,CMR,2420837,,Age-Based Priority,AstraZeneca,2,12/17/2021,55
Cameroon,17110,391,14539,2180,3/22/2026,402,6,0,2.29,84.97,2.69,16157,953,5.9,3/29/2026,Africa,30640817,CMR,2420837,,Mandatory,Moderna,2,7/4/2021,35
Canada,116458,8944,0,107514,3/22/2026,682,11,0,7.68,0,inf,112925,3533,3.13,3/29/2026,Americas,40467728,CAN,3138,68.6,Voluntary,Moderna,2,1/27/2021,54
Canada,116458,8944,0,107514,3/23/2026,682,11,0,7.68,0,inf,112925,3533,3.13,3/29/2026,Americas,40467728,CAN,3138,68.6,Age-Based Priority,Johnson&Johnson,1,8/31/2021,74
Canada,116458,8944,0,107514,3/30/2026,682,11,0,7.68,0,inf,112925,3533,3.13,3/29/2026,Americas,40467728,CAN,3138,68.6,Healthcare Priority,Sinovac,2,11/28/2021,70
Canada,116458,8944,0,107514,4/1/2026,682,11,0,7.68,0,inf,112925,3533,3.13,3/29/2026,Americas,40467728,CAN,3138,68.6,Age-Based Priority,Pfizer,2,8/14/2022,14
Central African Republic,4599,59,1546,2994,3/29/2026,0,0,0,1.28,33.62,3.82,4548,51,1.12,3/29/2026,Africa,5698984,CAF,3708,,Mandatory,Moderna,2,11/4/2021,90
Central African Republic,4599,59,1546,2994,4/3/2026,0,0,0,1.28,33.62,3.82,4548,51,1.12,3/29/2026,Africa,5698984,CAF,3708,,Recommended,Pfizer,2,10/20/2021,93
Chad,922,75,810,37,3/22/2026,7,0,0,8.13,87.85,9.26,889,33,3.71,3/29/2026,Africa,21560380,TCD,23556,,Healthcare Priority,Sinovac,2,11/10/2022,35
Chad,922,75,810,37,3/26/2026,7,0,0,8.13,87.85,9.26,889,33,3.71,3/29/2026,Africa,21560380,TCD,23556,,Voluntary,Johnson&Johnson,1,1/14/2021,89
Chile,347923,9187,319954,18782,3/25/2026,2133,75,1859,2.64,91.96,2.87,333029,14894,4.47,3/29/2026,Americas,19945850,CHL,363299,63.6,Recommended,Sinovac,2,1/27/2022,87
China,86783,4656,78869,3258,4/2/2026,213,4,7,5.37,90.88,5.9,85622,1161,1.36,3/29/2026,Western Pacific,1412914089,CHN,20650754,69.2,Recommended,Pfizer,2,11/13/2022,11
Colombia,257101,8777,131161,117163,3/23/2026,16306,508,11494,3.41,51.02,6.69,204005,53096,26.03,3/29/2026,Americas,53936226,COL,462251,68.9,Voluntary,Sinovac,2,1/16/2022,88
Colombia,257101,8777,131161,117163,3/30/2026,16306,508,11494,3.41,51.02,6.69,204005,53096,26.03,3/29/2026,Americas,53936226,COL,462251,68.9,Healthcare Priority,AstraZeneca,2,11/5/2022,53
Comoros,354,7,328,19,3/28/2026,0,0,0,1.98,92.66,2.13,334,20,5.99,3/29/2026,Africa,899010,COM,1770,,Age-Based Priority,Sinovac,2,12/12/2022,35
Comoros,354,7,328,19,4/3/2026,0,0,0,1.98,92.66,2.13,334,20,5.99,3/29/2026,Africa,899010,COM,1770,,Recommended,Moderna,2,9/16/2021,50
Comoros,354,7,328,19,3/30/2026,0,0,0,1.98,92.66,2.13,334,20,5.99,3/29/2026,Africa,899010,COM,1770,,Age-Based Priority,Pfizer,2,8/3/2022,35
Congo (Brazzaville),3200,54,829,2317,3/30/2026,162,3,73,1.69,25.91,6.51,2851,349,12.24,3/29/2026,Africa,6637785,COG,16952,,Healthcare Priority,Pfizer,2,1/10/2022,14
Congo (Brazzaville),3200,54,829,2317,4/4/2026,162,3,73,1.69,25.91,6.51,2851,349,12.24,3/29/2026,Africa,6637785,COG,16952,,Age-Based Priority,Sinovac,2,1/1/2022,93
Congo (Brazzaville),3200,54,829,2317,3/27/2026,162,3,73,1.69,25.91,6.51,2851,349,12.24,3/29/2026,Africa,6637785,COG,16952,,Age-Based Priority,Moderna,2,11/6/2021,21
Congo (Kinshasa),8844,208,5700,2936,4/2/2026,13,4,190,2.35,64.45,3.65,8443,401,4.75,3/29/2026,Africa,116452162,COD,88126,,Healthcare Priority,Sinovac,2,4/29/2022,44
Congo (Kinshasa),8844,208,5700,2936,4/4/2026,13,4,190,2.35,64.45,3.65,8443,401,4.75,3/29/2026,Africa,116452162,COD,88126,,Healthcare Priority,Pfizer,2,7/18/2021,80
Congo (Kinshasa),8844,208,5700,2936,3/27/2026,13,4,190,2.35,64.45,3.65,8443,401,4.75,3/29/2026,Africa,116452162,COD,88126,,Voluntary,AstraZeneca,2,8/16/2022,57
Costa Rica,15841,115,3824,11902,3/30/2026,612,11,88,0.73,24.14,3.01,11534,4307,37.34,3/29/2026,Americas,5174789,CRI,109135,64.8,Age-Based Priority,Moderna,2,9/7/2021,38
Costa Rica,15841,115,3824,11902,3/28/2026,612,11,88,0.73,24.14,3.01,11534,4307,37.34,3/29/2026,Americas,5174789,CRI,109135,64.8,Recommended,Johnson&Johnson,1,4/29/2021,12
Costa Rica,15841,115,3824,11902,3/24/2026,612,11,88,0.73,24.14,3.01,11534,4307,37.34,3/29/2026,Americas,5174789,CRI,109135,64.8,Recommended,AstraZeneca,2,4/17/2021,34
Costa Rica,15841,115,3824,11902,4/1/2026,612,11,88,0.73,24.14,3.01,11534,4307,37.34,3/29/2026,Americas,5174789,CRI,109135,64.8,Recommended,Sinovac,2,1/6/2021,52
Cote d'Ivoire,15655,96,10361,5198,3/23/2026,59,0,183,0.61,66.18,0.93,14312,1343,9.38,3/29/2026,Africa,33494346,CIV,111446,,Healthcare Priority,Pfizer,2,7/22/2021,73
Cote d'Ivoire,15655,96,10361,5198,3/30/2026,59,0,183,0.61,66.18,0.93,14312,1343,9.38,3/29/2026,Africa,33494346,CIV,111446,,Voluntary,Moderna,2,12/14/2020,49
Croatia,4881,139,3936,806,4/1/2026,24,3,70,2.85,80.64,3.53,4370,511,11.69,3/29/2026,Europe,3822345,HRV,113132,65.1,Age-Based Priority,Johnson&Johnson,1,1/12/2021,49
Croatia,4881,139,3936,806,3/31/2026,24,3,70,2.85,80.64,3.53,4370,511,11.69,3/29/2026,Europe,3822345,HRV,113132,65.1,Age-Based Priority,Moderna,2,4/23/2022,41
Cuba,2532,87,2351,94,3/29/2026,37,0,2,3.44,92.85,3.7,2446,86,3.52,3/29/2026,Americas,10892659,CUB,,,Voluntary,Johnson&Johnson,1,9/25/2021,89
Cyprus,1060,19,852,189,3/27/2026,3,0,0,1.79,80.38,2.23,1038,22,2.12,3/29/2026,Europe,1382334,CYP,43158,56.7,Age-Based Priority,Pfizer,2,2/17/2021,35
Cyprus,1060,19,852,189,4/2/2026,3,0,0,1.79,80.38,2.23,1038,22,2.12,3/29/2026,Europe,1382334,CYP,43158,56.7,Recommended,Moderna,2,12/9/2020,60
Cyprus,1060,19,852,189,3/29/2026,3,0,0,1.79,80.38,2.23,1038,22,2.12,3/29/2026,Europe,1382334,CYP,43158,56.7,Mandatory,AstraZeneca,2,4/6/2022,89
Czechia,15516,373,11428,3715,3/26/2026,192,2,0,2.4,73.65,3.26,14098,1418,10.06,3/29/2026,Europe,10527781,CZE,417134,76,Recommended,Johnson&Johnson,1,1/31/2022,22
Czechia,15516,373,11428,3715,3/24/2026,192,2,0,2.4,73.65,3.26,14098,1418,10.06,3/29/2026,Europe,10527781,CZE,417134,76,Healthcare Priority,Sinovac,2,12/23/2021,29
Czechia,15516,373,11428,3715,4/3/2026,192,2,0,2.4,73.65,3.26,14098,1418,10.06,3/29/2026,Europe,10527781,CZE,417134,76,Mandatory,Pfizer,2,12/3/2020,90
Czechia,15516,373,11428,3715,4/1/2026,192,2,0,2.4,73.65,3.26,14098,1418,10.06,3/29/2026,Europe,10527781,CZE,417134,76,Healthcare Priority,AstraZeneca,2,2/23/2021,56
Denmark,13761,613,12605,543,4/3/2026,109,0,77,4.45,91.6,4.86,13453,308,2.29,3/29/2026,Europe,6023520,DNK,500051,77.2,Healthcare Priority,Johnson&Johnson,1,1/19/2022,28
Denmark,13761,613,12605,543,3/28/2026,109,0,77,4.45,91.6,4.86,13453,308,2.29,3/29/2026,Europe,6023520,DNK,500051,77.2,Age-Based Priority,AstraZeneca,2,7/9/2022,17
Djibouti,5059,58,4977,24,3/23/2026,9,0,11,1.15,98.38,1.17,5020,39,0.78,3/29/2026,Eastern Mediterranean,1199459,DJI,5003,,Age-Based Priority,Sinovac,2,5/7/2022,40
Djibouti,5059,58,4977,24,4/2/2026,9,0,11,1.15,98.38,1.17,5020,39,0.78,3/29/2026,Eastern Mediterranean,1199459,DJI,5003,,Healthcare Priority,Moderna,2,7/4/2021,47
Djibouti,5059,58,4977,24,3/27/2026,9,0,11,1.15,98.38,1.17,5020,39,0.78,3/29/2026,Eastern Mediterranean,1199459,DJI,5003,,Healthcare Priority,Pfizer,2,2/22/2021,51
Djibouti,5059,58,4977,24,3/26/2026,9,0,11,1.15,98.38,1.17,5020,39,0.78,3/29/2026,Eastern Mediterranean,1199459,DJI,5003,,Mandatory,AstraZeneca,2,11/7/2022,22
Dominica,18,0,18,0,3/29/2026,0,0,0,0,100,0,18,0,0,3/29/2026,Americas,65511,DMA,791,,Voluntary,Johnson&Johnson,1,8/2/2021,11
Dominica,18,0,18,0,3/25/2026,0,0,0,0,100,0,18,0,0,3/29/2026,Americas,65511,DMA,791,,Recommended,Pfizer,2,1/3/2021,68
Dominican Republic,64156,1083,30204,32869,3/22/2026,1248,20,1601,1.69,47.08,3.59,53956,10200,18.9,3/29/2026,Americas,11609500,DOM,138340,58.4,Voluntary,Pfizer,2,5/15/2021,86
Dominican Republic,64156,1083,30204,32869,3/25/2026,1248,20,1601,1.69,47.08,3.59,53956,10200,18.9,3/29/2026,Americas,11609500,DOM,138340,58.4,Recommended,Johnson&Johnson,1,12/21/2022,27
Dominican Republic,64156,1083,30204,32869,4/4/2026,1248,20,1601,1.69,47.08,3.59,53956,10200,18.9,3/29/2026,Americas,11609500,DOM,138340,58.4,Healthcare Priority,Moderna,2,12/1/2022,49
Dominican Republic,64156,1083,30204,32869,3/27/2026,1248,20,1601,1.69,47.08,3.59,53956,10200,18.9,3/29/2026,Americas,11609500,DOM,138340,58.4,Healthcare Priority,AstraZeneca,2,3/17/2021,61
Ecuador,81161,5532,34896,40733,4/4/2026,467,17,0,6.82,43,15.85,74620,6541,8.77,3/29/2026,Americas,18444506,ECU,134711,77.7,Mandatory,Sinovac,2,9/10/2021,14
Egypt,92482,4652,34838,52992,4/2/2026,420,46,1007,5.03,37.67,13.35,88402,4080,4.62,3/29/2026,Eastern Mediterranean,120101175,EGY,399508,47.9,Voluntary,Pfizer,2,4/29/2021,20
Egypt,92482,4652,34838,52992,3/28/2026,420,46,1007,5.03,37.67,13.35,88402,4080,4.62,3/29/2026,Eastern Mediterranean,120101175,EGY,399508,47.9,Recommended,AstraZeneca,2,3/11/2022,46
Egypt,92482,4652,34838,52992,3/25/2026,420,46,1007,5.03,37.67,13.35,88402,4080,4.62,3/29/2026,Eastern Mediterranean,120101175,EGY,399508,47.9,Voluntary,Moderna,2,12/12/2021,30
El Salvador,15035,408,7778,6849,3/23/2026,405,8,130,2.71,51.73,5.25,12207,2828,23.17,3/29/2026,Americas,6391253,SLV,37981,,Voluntary,Moderna,2,1/19/2022,19
El Salvador,15035,408,7778,6849,3/24/2026,405,8,130,2.71,51.73,5.25,12207,2828,23.17,3/29/2026,Americas,6391253,SLV,37981,,Age-Based Priority,AstraZeneca,2,6/15/2021,51
El Salvador,15035,408,7778,6849,3/29/2026,405,8,130,2.71,51.73,5.25,12207,2828,23.17,3/29/2026,Americas,6391253,SLV,37981,,Voluntary,Sinovac,2,6/14/2022,29
El Salvador,15035,408,7778,6849,3/27/2026,405,8,130,2.71,51.73,5.25,12207,2828,23.17,3/29/2026,Americas,6391253,SLV,37981,,Recommended,Johnson&Johnson,1,10/19/2022,47
Equatorial Guinea,3071,51,842,2178,3/27/2026,0,0,0,1.66,27.42,6.06,3071,0,0,3/29/2026,Africa,1984468,GNQ,14103,,Age-Based Priority,AstraZeneca,2,12/2/2020,61
Eritrea,265,0,191,74,4/4/2026,2,0,2,0,72.08,0,251,14,5.58,3/29/2026,Africa,3682669,ERI,,,Age-Based Priority,AstraZeneca,2,6/26/2021,67
Eritrea,265,0,191,74,3/24/2026,2,0,2,0,72.08,0,251,14,5.58,3/29/2026,Africa,3682669,ERI,,,Voluntary,Moderna,2,11/3/2021,39
Estonia,2034,69,1923,42,3/25/2026,0,0,1,3.39,94.54,3.59,2021,13,0.64,3/29/2026,Europe,1331062,EST,51036,75.2,Recommended,Moderna,2,3/23/2021,60
Estonia,2034,69,1923,42,3/24/2026,0,0,1,3.39,94.54,3.59,2021,13,0.64,3/29/2026,Europe,1331062,EST,51036,75.2,Healthcare Priority,Pfizer,2,6/14/2022,41
Estonia,2034,69,1923,42,3/31/2026,0,0,1,3.39,94.54,3.59,2021,13,0.64,3/29/2026,Europe,1331062,EST,51036,75.2,Mandatory,Sinovac,2,4/14/2022,51
Eswatini,2316,34,1025,1257,4/1/2026,109,2,39,1.47,44.26,3.32,1826,490,26.83,3/29/2026,Africa,1269859,SWZ,5495,,Healthcare Priority,AstraZeneca,2,7/16/2021,39
Eswatini,2316,34,1025,1257,3/31/2026,109,2,39,1.47,44.26,3.32,1826,490,26.83,3/29/2026,Africa,1269859,SWZ,5495,,Healthcare Priority,Sinovac,2,7/8/2021,49
Ethiopia,14547,228,6386,7933,3/27/2026,579,5,170,1.57,43.9,3.57,10207,4340,42.52,3/29/2026,Africa,138902185,ETH,125744,,Age-Based Priority,Sinovac,2,8/17/2022,86
Ethiopia,14547,228,6386,7933,3/30/2026,579,5,170,1.57,43.9,3.57,10207,4340,42.52,3/29/2026,Africa,138902185,ETH,125744,,Voluntary,Johnson&Johnson,1,12/28/2021,70
Ethiopia,14547,228,6386,7933,4/3/2026,579,5,170,1.57,43.9,3.57,10207,4340,42.52,3/29/2026,Africa,138902185,ETH,125744,,Healthcare Priority,Pfizer,2,6/17/2022,40
Ethiopia,14547,228,6386,7933,3/25/2026,579,5,170,1.57,43.9,3.57,10207,4340,42.52,3/29/2026,Africa,138902185,ETH,125744,,Voluntary,Moderna,2,8/6/2021,34
Fiji,27,0,18,9,3/27/2026,0,0,0,0,66.67,0,27,0,0,3/29/2026,Western Pacific,937282,FJI,6696,,Healthcare Priority,Pfizer,2,11/28/2021,79
Fiji,27,0,18,9,3/25/2026,0,0,0,0,66.67,0,27,0,0,3/29/2026,Western Pacific,937282,FJI,6696,,Age-Based Priority,Moderna,2,5/1/2021,83
Fiji,27,0,18,9,4/4/2026,0,0,0,0,66.67,0,27,0,0,3/29/2026,Western Pacific,937282,FJI,6696,,Age-Based Priority,AstraZeneca,2,7/19/2022,77
Finland,7398,329,6920,149,4/1/2026,5,0,0,4.45,93.54,4.75,7340,58,0.79,3/29/2026,Europe,5621739,FIN,335534,77.6,Mandatory,Sinovac,2,10/3/2021,50
Finland,7398,329,6920,149,4/3/2026,5,0,0,4.45,93.54,4.75,7340,58,0.79,3/29/2026,Europe,5621739,FIN,335534,77.6,Age-Based Priority,AstraZeneca,2,9/8/2021,48
Finland,7398,329,6920,149,3/28/2026,5,0,0,4.45,93.54,4.75,7340,58,0.79,3/29/2026,Europe,5621739,FIN,335534,77.6,Age-Based Priority,Moderna,2,6/7/2022,20
France,220352,30212,81212,108928,3/24/2026,2551,17,267,13.71,36.86,37.2,214023,6329,2.96,3/29/2026,Europe,66746401,FRA,3558562,77,Recommended,Moderna,2,7/20/2022,11
France,220352,30212,81212,108928,4/4/2026,2551,17,267,13.71,36.86,37.2,214023,6329,2.96,3/29/2026,Europe,66746401,FRA,3558562,77,Healthcare Priority,AstraZeneca,2,6/19/2021,82
France,220352,30212,81212,108928,3/30/2026,2551,17,267,13.71,36.86,37.2,214023,6329,2.96,3/29/2026,Europe,66746401,FRA,3558562,77,Healthcare Priority,Pfizer,2,11/10/2022,19
France,220352,30212,81212,108928,3/29/2026,2551,17,267,13.71,36.86,37.2,214023,6329,2.96,3/29/2026,Europe,66746401,FRA,3558562,77,Voluntary,Sinovac,2,10/30/2022,21
Gabon,7189,49,4682,2458,3/31/2026,205,0,219,0.68,65.13,1.05,6433,756,11.75,3/29/2026,Africa,2647399,GAB,22726,,Mandatory,Moderna,2,12/2/2022,46
Gambia,326,8,66,252,3/28/2026,49,2,6,2.45,20.25,12.12,112,214,191.07,3/29/2026,Africa,2884079,GMB,2672,,Voluntary,AstraZeneca,2,12/28/2020,42
Gambia,326,8,66,252,3/23/2026,49,2,6,2.45,20.25,12.12,112,214,191.07,3/29/2026,Africa,2884079,GMB,2672,,Age-Based Priority,Johnson&Johnson,1,10/6/2022,34
Gambia,326,8,66,252,4/2/2026,49,2,6,2.45,20.25,12.12,112,214,191.07,3/29/2026,Africa,2884079,GMB,2672,,Mandatory,Moderna,2,5/3/2022,39
Gambia,326,8,66,252,3/29/2026,49,2,6,2.45,20.25,12.12,112,214,191.07,3/29/2026,Africa,2884079,GMB,2672,,Voluntary,Pfizer,2,11/17/2022,83
Georgia,1137,16,922,199,3/29/2026,6,0,2,1.41,81.09,1.74,1039,98,9.43,3/29/2026,Europe,3804642,GEO,40177,56.3,Age-Based Priority,Johnson&Johnson,1,1/2/2022,69
Georgia,1137,16,922,199,3/27/2026,6,0,2,1.41,81.09,1.74,1039,98,9.43,3/29/2026,Europe,3804642,GEO,40177,56.3,Age-Based Priority,AstraZeneca,2,9/16/2021,46
Georgia,1137,16,922,199,3/26/2026,6,0,2,1.41,81.09,1.74,1039,98,9.43,3/29/2026,Europe,3804642,GEO,40177,56.3,Age-Based Priority,Moderna,2,5/14/2021,76
Germany,207112,9125,190314,7673,3/27/2026,445,1,259,4.41,91.89,4.79,203325,3787,1.86,3/29/2026,Europe,83644258,DEU,5328184,72.4,Age-Based Priority,Johnson&Johnson,1,5/4/2022,21
Ghana,33624,168,29801,3655,3/23/2026,655,0,307,0.5,88.63,0.56,28430,5194,18.27,3/29/2026,Africa,35697557,GHA,113494,57,Recommended,Sinovac,2,12/9/2020,16
Ghana,33624,168,29801,3655,3/24/2026,655,0,307,0.5,88.63,0.56,28430,5194,18.27,3/29/2026,Africa,35697557,GHA,113494,57,Recommended,Moderna,2,2/20/2022,19
Ghana,33624,168,29801,3655,3/31/2026,655,0,307,0.5,88.63,0.56,28430,5194,18.27,3/29/2026,Africa,35697557,GHA,113494,57,Voluntary,Pfizer,2,7/29/2022,22
Ghana,33624,168,29801,3655,4/2/2026,655,0,307,0.5,88.63,0.56,28430,5194,18.27,3/29/2026,Africa,35697557,GHA,113494,57,Voluntary,AstraZeneca,2,8/27/2022,47
Greece,4227,202,1374,2651,3/30/2026,34,0,0,4.78,32.51,14.7,4012,215,5.36,3/29/2026,Europe,9897115,GRC,304838,58.9,Voluntary,Moderna,2,6/9/2022,13
Greenland,14,0,13,1,3/24/2026,1,0,0,0,92.86,0,13,1,7.69,3/29/2026,Europe,55629,GRL,,,Healthcare Priority,Johnson&Johnson,1,9/3/2022,79
Greenland,14,0,13,1,3/23/2026,1,0,0,0,92.86,0,13,1,7.69,3/29/2026,Europe,55629,GRL,,,Age-Based Priority,Moderna,2,2/7/2021,44
Greenland,14,0,13,1,3/27/2026,1,0,0,0,92.86,0,13,1,7.69,3/29/2026,Europe,55629,GRL,,,Healthcare Priority,Sinovac,2,1/5/2021,91
Greenland,14,0,13,1,3/31/2026,1,0,0,0,92.86,0,13,1,7.69,3/29/2026,Europe,55629,GRL,,,Healthcare Priority,Pfizer,2,9/23/2021,36
Grenada,23,0,23,0,3/23/2026,0,0,0,0,100,0,23,0,0,3/29/2026,Americas,117362,GRD,1524,,Age-Based Priority,Sinovac,2,11/23/2021,78
Grenada,23,0,23,0,3/26/2026,0,0,0,0,100,0,23,0,0,3/29/2026,Americas,117362,GRD,1524,,Voluntary,Johnson&Johnson,1,3/4/2022,67
Guatemala,45309,1761,32455,11093,3/23/2026,256,27,843,3.89,71.63,5.43,39039,6270,16.06,3/29/2026,Americas,18967978,GTM,129466,67.2,Mandatory,Pfizer,2,9/30/2022,28
Guinea,7055,45,6257,753,3/25/2026,47,2,105,0.64,88.69,0.72,6590,465,7.06,3/29/2026,Africa,15441993,GIN,30922,,Mandatory,Moderna,2,4/22/2021,78
Guinea-Bissau,1954,26,803,1125,3/25/2026,0,0,0,1.33,41.1,3.24,1949,5,0.26,3/29/2026,Africa,2297808,GNB,2764,,Healthcare Priority,AstraZeneca,2,4/3/2021,34
Guyana,389,20,181,188,3/27/2026,19,0,0,5.14,46.53,11.05,337,52,15.43,3/29/2026,Americas,840890,GUY,27486,,Mandatory,Johnson&Johnson,1,3/9/2021,73
Guyana,389,20,181,188,4/4/2026,19,0,0,5.14,46.53,11.05,337,52,15.43,3/29/2026,Americas,840890,GUY,27486,,Age-Based Priority,AstraZeneca,2,3/17/2022,53
Guyana,389,20,181,188,3/28/2026,19,0,0,5.14,46.53,11.05,337,52,15.43,3/29/2026,Americas,840890,GUY,27486,,Age-Based Priority,Sinovac,2,4/13/2022,14
Haiti,7340,158,4365,2817,3/26/2026,25,1,0,2.15,59.47,3.62,7053,287,4.07,3/29/2026,Americas,12037506,HTI,31097,,Recommended,Pfizer,2,3/12/2022,70
Haiti,7340,158,4365,2817,3/31/2026,25,1,0,2.15,59.47,3.62,7053,287,4.07,3/29/2026,Americas,12037506,HTI,31097,,Voluntary,AstraZeneca,2,3/20/2021,54
Haiti,7340,158,4365,2817,3/27/2026,25,1,0,2.15,59.47,3.62,7053,287,4.07,3/29/2026,Americas,12037506,HTI,31097,,Voluntary,Johnson&Johnson,1,6/15/2022,49
Holy See,12,0,12,0,3/31/2026,0,0,0,0,100,0,12,0,0,3/29/2026,Europe,506,VAT,30461,,Mandatory,Moderna,2,12/25/2020,41
Holy See,12,0,12,0,3/29/2026,0,0,0,0,100,0,12,0,0,3/29/2026,Europe,506,VAT,30461,,Voluntary,AstraZeneca,2,6/18/2021,79
Holy See,12,0,12,0,4/3/2026,0,0,0,0,100,0,12,0,0,3/29/2026,Europe,506,VAT,30461,,Recommended,Johnson&Johnson,1,1/17/2022,40
Honduras,39741,1166,5039,33536,3/27/2026,465,50,117,2.93,12.68,23.14,34611,5130,14.82,3/29/2026,Americas,11184760,HND,40821,,Voluntary,Pfizer,2,2/28/2021,58
Hungary,4448,596,3329,523,3/31/2026,13,0,0,13.4,74.84,17.9,4339,109,2.51,3/29/2026,Europe,9585818,HUN,269916,54.2,Mandatory,Johnson&Johnson,1,10/7/2022,92
Iceland,1854,10,1823,21,4/2/2026,7,0,0,0.54,98.33,0.55,1839,15,0.82,3/29/2026,Europe,402329,ISL,43404,69.1,Healthcare Priority,Pfizer,2,10/7/2022,92
Iceland,1854,10,1823,21,3/23/2026,7,0,0,0.54,98.33,0.55,1839,15,0.82,3/29/2026,Europe,402329,ISL,43404,69.1,Voluntary,Sinovac,2,1/13/2022,85
Iceland,1854,10,1823,21,3/22/2026,7,0,0,0.54,98.33,0.55,1839,15,0.82,3/29/2026,Europe,402329,ISL,43404,69.1,Voluntary,Johnson&Johnson,1,1/21/2022,16
India,1480073,33408,951166,495499,4/4/2026,44457,637,33598,2.26,64.26,3.51,1155338,324735,28.11,3/29/2026,South-East Asia,1476625576,IND,4515629,65.5,Recommended,AstraZeneca,2,7/27/2021,88
India,1480073,33408,951166,495499,3/23/2026,44457,637,33598,2.26,64.26,3.51,1155338,324735,28.11,3/29/2026,South-East Asia,1476625576,IND,4515629,65.5,Recommended,Moderna,2,9/29/2022,78
India,1480073,33408,951166,495499,3/28/2026,44457,637,33598,2.26,64.26,3.51,1155338,324735,28.11,3/29/2026,South-East Asia,1476625576,IND,4515629,65.5,Healthcare Priority,Johnson&Johnson,1,8/12/2022,13
India,1480073,33408,951166,495499,3/22/2026,44457,637,33598,2.26,64.26,3.51,1155338,324735,28.11,3/29/2026,South-East Asia,1476625576,IND,4515629,65.5,Healthcare Priority,Pfizer,2,3/26/2021,58
Indonesia,100303,4838,58173,37292,3/24/2026,1525,57,1518,4.82,58,8.32,88214,12089,13.7,3/29/2026,South-East Asia,287886782,IDN,1550236,61.2,Recommended,Moderna,2,6/11/2022,34
Iran,293606,15912,255144,22550,3/22/2026,2434,212,1931,5.42,86.9,6.24,276202,17404,6.3,3/29/2026,Eastern Mediterranean,93168497,IRN,375644,52.8,Age-Based Priority,Pfizer,2,2/1/2022,74
Iran,293606,15912,255144,22550,4/1/2026,2434,212,1931,5.42,86.9,6.24,276202,17404,6.3,3/29/2026,Eastern Mediterranean,93168497,IRN,375644,52.8,Voluntary,AstraZeneca,2,5/12/2022,32
Iran,293606,15912,255144,22550,4/2/2026,2434,212,1931,5.42,86.9,6.24,276202,17404,6.3,3/29/2026,Eastern Mediterranean,93168497,IRN,375644,52.8,Recommended,Moderna,2,10/11/2021,74
Iran,293606,15912,255144,22550,4/4/2026,2434,212,1931,5.42,86.9,6.24,276202,17404,6.3,3/29/2026,Eastern Mediterranean,93168497,IRN,375644,52.8,Healthcare Priority,Sinovac,2,10/17/2021,21
Iraq,112585,4458,77144,30983,3/31/2026,2553,96,1927,3.96,68.52,5.78,94693,17892,18.89,3/29/2026,Eastern Mediterranean,48007437,IRQ,273912,46.5,Age-Based Priority,Pfizer,2,3/13/2022,42
Iraq,112585,4458,77144,30983,4/2/2026,2553,96,1927,3.96,68.52,5.78,94693,17892,18.89,3/29/2026,Eastern Mediterranean,48007437,IRQ,273912,46.5,Healthcare Priority,Moderna,2,8/17/2022,14
Iraq,112585,4458,77144,30983,4/1/2026,2553,96,1927,3.96,68.52,5.78,94693,17892,18.89,3/29/2026,Eastern Mediterranean,48007437,IRQ,273912,46.5,Voluntary,AstraZeneca,2,3/6/2022,70
Iraq,112585,4458,77144,30983,3/30/2026,2553,96,1927,3.96,68.52,5.78,94693,17892,18.89,3/29/2026,Eastern Mediterranean,48007437,IRQ,273912,46.5,Age-Based Priority,Johnson&Johnson,1,2/13/2021,27
Ireland,25892,1764,23364,764,3/23/2026,11,0,0,6.81,90.24,7.55,25766,126,0.49,3/29/2026,Europe,5356950,IRL,750112,51.2,Mandatory,Johnson&Johnson,1,4/14/2021,80
Ireland,25892,1764,23364,764,4/2/2026,11,0,0,6.81,90.24,7.55,25766,126,0.49,3/29/2026,Europe,5356950,IRL,750112,51.2,Healthcare Priority,Pfizer,2,4/20/2021,20
Ireland,25892,1764,23364,764,4/3/2026,11,0,0,6.81,90.24,7.55,25766,126,0.49,3/29/2026,Europe,5356950,IRL,750112,51.2,Voluntary,AstraZeneca,2,11/18/2022,13
Israel,63985,474,27133,36378,4/2/2026,2029,4,108,0.74,42.41,1.75,52003,11982,23.04,3/29/2026,Europe,9647689,ISR,666407,73.4,Voluntary,Moderna,2,5/4/2022,78
Italy,246286,35112,198593,12581,3/23/2026,168,5,147,14.26,80.64,17.68,244624,1662,0.68,3/29/2026,Europe,58926166,ITA,2701544,64.9,Age-Based Priority,Sinovac,2,12/28/2022,23
Italy,246286,35112,198593,12581,4/4/2026,168,5,147,14.26,80.64,17.68,244624,1662,0.68,3/29/2026,Europe,58926166,ITA,2701544,64.9,Age-Based Priority,Pfizer,2,11/1/2022,19
Italy,246286,35112,198593,12581,3/28/2026,168,5,147,14.26,80.64,17.68,244624,1662,0.68,3/29/2026,Europe,58926166,ITA,2701544,64.9,Mandatory,Johnson&Johnson,1,5/13/2021,79
Italy,246286,35112,198593,12581,4/1/2026,168,5,147,14.26,80.64,17.68,244624,1662,0.68,3/29/2026,Europe,58926166,ITA,2701544,64.9,Age-Based Priority,AstraZeneca,2,12/24/2021,69
Jamaica,853,10,714,129,4/1/2026,11,0,0,1.17,83.7,1.4,809,44,5.44,3/29/2026,Americas,2833403,JAM,24132,,Voluntary,Pfizer,2,3/12/2022,54
Jamaica,853,10,714,129,3/25/2026,11,0,0,1.17,83.7,1.4,809,44,5.44,3/29/2026,Americas,2833403,JAM,24132,,Voluntary,Moderna,2,12/19/2020,63
Japan,31142,998,21970,8174,4/1/2026,594,0,364,3.2,70.55,4.54,25706,5436,21.15,3/29/2026,Western Pacific,122427731,JPN,4463634,80.1,Voluntary,Johnson&Johnson,1,3/4/2021,27
Japan,31142,998,21970,8174,3/27/2026,594,0,364,3.2,70.55,4.54,25706,5436,21.15,3/29/2026,Western Pacific,122427731,JPN,4463634,80.1,Recommended,Pfizer,2,4/26/2021,71
Jordan,1176,11,1041,124,3/28/2026,8,0,0,0.94,88.52,1.06,1223,-47,-3.84,3/29/2026,Eastern Mediterranean,11589532,JOR,59288,65.6,Recommended,Johnson&Johnson,1,6/26/2021,17
Jordan,1176,11,1041,124,4/3/2026,8,0,0,0.94,88.52,1.06,1223,-47,-3.84,3/29/2026,Eastern Mediterranean,11589532,JOR,59288,65.6,Voluntary,Sinovac,2,6/29/2021,48
Jordan,1176,11,1041,124,4/4/2026,8,0,0,0.94,88.52,1.06,1223,-47,-3.84,3/29/2026,Eastern Mediterranean,11589532,JOR,59288,65.6,Age-Based Priority,Moderna,2,12/6/2022,86
Jordan,1176,11,1041,124,3/30/2026,8,0,0,0.94,88.52,1.06,1223,-47,-3.84,3/29/2026,Eastern Mediterranean,11589532,JOR,59288,65.6,Mandatory,AstraZeneca,2,1/10/2022,91
Kazakhstan,84648,585,54404,29659,3/23/2026,1526,0,1833,0.69,64.27,1.08,73468,11180,15.22,3/29/2026,Europe,21083626,KAZ,319770,60.7,Healthcare Priority,AstraZeneca,2,4/12/2021,87
Kenya,17975,285,7833,9857,3/30/2026,372,5,90,1.59,43.58,3.64,13771,4204,30.53,3/29/2026,Africa,58636412,KEN,140871,62.2,Mandatory,Moderna,2,8/14/2022,33
Kosovo,7413,185,4027,3201,4/2/2026,496,16,274,2.5,54.32,4.59,5877,1536,26.14,3/29/2026,Europe,1773449,KXK,14097,,Mandatory,Pfizer,2,6/18/2021,77
Kuwait,64379,438,55057,8884,3/25/2026,606,5,684,0.68,85.52,0.8,59763,4616,7.72,3/29/2026,Eastern Mediterranean,5102773,KWT,162895,58.6,Voluntary,Moderna,2,7/23/2021,37
Kyrgyzstan,33296,1301,21205,10790,3/24/2026,483,24,817,3.91,63.69,6.14,27143,6153,22.67,3/29/2026,Europe,7400465,KGZ,21563,,Voluntary,AstraZeneca,2,2/5/2022,21
Kyrgyzstan,33296,1301,21205,10790,4/2/2026,483,24,817,3.91,63.69,6.14,27143,6153,22.67,3/29/2026,Europe,7400465,KGZ,21563,,Recommended,Moderna,2,11/2/2021,95
Kyrgyzstan,33296,1301,21205,10790,3/28/2026,483,24,817,3.91,63.69,6.14,27143,6153,22.67,3/29/2026,Europe,7400465,KGZ,21563,,Voluntary,Pfizer,2,3/4/2021,55
Kyrgyzstan,33296,1301,21205,10790,3/30/2026,483,24,817,3.91,63.69,6.14,27143,6153,22.67,3/29/2026,Europe,7400465,KGZ,21563,,Mandatory,Sinovac,2,1/22/2021,31
Laos,20,0,19,1,4/2/2026,0,0,0,0,95,0,19,1,5.26,3/29/2026,Western Pacific,7974017,LAO,17781,,Age-Based Priority,AstraZeneca,2,3/27/2021,22
Laos,20,0,19,1,3/28/2026,0,0,0,0,95,0,19,1,5.26,3/29/2026,Western Pacific,7974017,LAO,17781,,Age-Based Priority,Johnson&Johnson,1,11/26/2021,42
Laos,20,0,19,1,3/23/2026,0,0,0,0,95,0,19,1,5.26,3/29/2026,Western Pacific,7974017,LAO,17781,,Age-Based Priority,Moderna,2,3/22/2021,81
Latvia,1219,31,1045,143,3/29/2026,0,0,0,2.54,85.73,2.97,1192,27,2.27,3/29/2026,Europe,1835935,LVA,52248,63.6,Mandatory,Johnson&Johnson,1,5/3/2021,22
Lebanon,3882,51,1709,2122,4/3/2026,132,0,17,1.31,44.02,2.98,2905,977,33.63,3/29/2026,Eastern Mediterranean,5897467,LBN,28280,63.7,Voluntary,Sinovac,2,12/9/2022,19
Lebanon,3882,51,1709,2122,3/22/2026,132,0,17,1.31,44.02,2.98,2905,977,33.63,3/29/2026,Eastern Mediterranean,5897467,LBN,28280,63.7,Voluntary,Johnson&Johnson,1,4/6/2021,51
Lesotho,505,12,128,365,3/25/2026,0,0,0,2.38,25.35,9.38,359,146,40.67,3/29/2026,Africa,2389336,LSO,2474,,Voluntary,AstraZeneca,2,7/18/2022,20
Liberia,1167,72,646,449,3/29/2026,5,0,5,6.17,55.36,11.15,1107,60,5.42,3/29/2026,Africa,5853949,LBR,5594,,Recommended,Moderna,2,7/19/2021,87
Libya,2827,64,577,2186,3/28/2026,158,4,24,2.26,20.41,11.09,1980,847,42.78,3/29/2026,Eastern Mediterranean,7539851,LBY,49164,,Age-Based Priority,Pfizer,2,4/17/2022,17
Libya,2827,64,577,2186,3/31/2026,158,4,24,2.26,20.41,11.09,1980,847,42.78,3/29/2026,Eastern Mediterranean,7539851,LBY,49164,,Healthcare Priority,AstraZeneca,2,7/31/2022,42
Libya,2827,64,577,2186,3/27/2026,158,4,24,2.26,20.41,11.09,1980,847,42.78,3/29/2026,Eastern Mediterranean,7539851,LBY,49164,,Voluntary,Johnson&Johnson,1,4/19/2021,90
Liechtenstein,86,1,81,4,3/26/2026,0,0,0,1.16,94.19,1.23,86,0,0,3/29/2026,Europe,40368,LIE,10116,,Healthcare Priority,Moderna,2,11/16/2021,62
Liechtenstein,86,1,81,4,4/3/2026,0,0,0,1.16,94.19,1.23,86,0,0,3/29/2026,Europe,40368,LIE,10116,,Age-Based Priority,Sinovac,2,2/28/2021,51
Liechtenstein,86,1,81,4,3/25/2026,0,0,0,1.16,94.19,1.23,86,0,0,3/29/2026,Europe,40368,LIE,10116,,Healthcare Priority,Pfizer,2,9/21/2022,16
Liechtenstein,86,1,81,4,3/22/2026,0,0,0,1.16,94.19,1.23,86,0,0,3/29/2026,Europe,40368,LIE,10116,,Mandatory,AstraZeneca,2,8/1/2021,14
Lithuania,2019,80,1620,319,3/29/2026,11,0,4,3.96,80.24,4.94,1947,72,3.7,3/29/2026,Europe,2797338,LTU,104651,75.4,Age-Based Priority,Sinovac,2,2/27/2021,55
Lithuania,2019,80,1620,319,3/31/2026,11,0,4,3.96,80.24,4.94,1947,72,3.7,3/29/2026,Europe,2797338,LTU,104651,75.4,Voluntary,Moderna,2,4/12/2022,12
Lithuania,2019,80,1620,319,3/27/2026,11,0,4,3.96,80.24,4.94,1947,72,3.7,3/29/2026,Europe,2797338,LTU,104651,75.4,Recommended,Pfizer,2,2/14/2021,73
Lithuania,2019,80,1620,319,3/30/2026,11,0,4,3.96,80.24,4.94,1947,72,3.7,3/29/2026,Europe,2797338,LTU,104651,75.4,Healthcare Priority,Johnson&Johnson,1,2/12/2021,26
Luxembourg,6321,112,4825,1384,3/22/2026,49,0,178,1.77,76.33,2.32,5639,682,12.09,3/29/2026,Europe,687448,LUX,107758,74.2,Recommended,Moderna,2,1/11/2021,10
Madagascar,9690,91,6260,3339,4/3/2026,395,6,681,0.94,64.6,1.45,7153,2537,35.47,3/29/2026,Africa,33522052,MDG,21091,,Voluntary,AstraZeneca,2,3/1/2021,43
Madagascar,9690,91,6260,3339,3/25/2026,395,6,681,0.94,64.6,1.45,7153,2537,35.47,3/29/2026,Africa,33522052,MDG,21091,,Voluntary,Johnson&Johnson,1,8/27/2021,29
Madagascar,9690,91,6260,3339,3/31/2026,395,6,681,0.94,64.6,1.45,7153,2537,35.47,3/29/2026,Africa,33522052,MDG,21091,,Healthcare Priority,Pfizer,2,12/5/2022,33
Malawi,3664,99,1645,1920,4/3/2026,24,0,6,2.7,44.9,6.02,2992,672,22.46,3/29/2026,Africa,22785535,MWI,17855,,Mandatory,Moderna,2,2/26/2021,47
Malawi,3664,99,1645,1920,4/1/2026,24,0,6,2.7,44.9,6.02,2992,672,22.46,3/29/2026,Africa,22785535,MWI,17855,,Age-Based Priority,Pfizer,2,10/5/2022,57
Malawi,3664,99,1645,1920,3/30/2026,24,0,6,2.7,44.9,6.02,2992,672,22.46,3/29/2026,Africa,22785535,MWI,17855,,Healthcare Priority,Johnson&Johnson,1,6/30/2022,57
Malaysia,8904,124,8601,179,3/27/2026,7,0,1,1.39,96.6,1.44,8800,104,1.18,3/29/2026,Western Pacific,36385115,MYS,505364,70.7,Age-Based Priority,Johnson&Johnson,1,11/5/2022,74
Malaysia,8904,124,8601,179,3/25/2026,7,0,1,1.39,96.6,1.44,8800,104,1.18,3/29/2026,Western Pacific,36385115,MYS,505364,70.7,Voluntary,AstraZeneca,2,1/26/2021,59
Maldives,3369,15,2547,807,4/3/2026,67,0,19,0.45,75.6,0.59,2999,370,12.34,3/29/2026,South-East Asia,531517,MDV,8221,,Healthcare Priority,Sinovac,2,8/6/2021,59
Maldives,3369,15,2547,807,3/30/2026,67,0,19,0.45,75.6,0.59,2999,370,12.34,3/29/2026,South-East Asia,531517,MDV,8221,,Mandatory,Moderna,2,10/14/2021,28
Mali,2513,124,1913,476,3/22/2026,3,1,2,4.93,76.12,6.48,2475,38,1.54,3/29/2026,Africa,25932275,MLI,28478,,Age-Based Priority,Pfizer,2,1/16/2021,93
Malta,701,9,665,27,4/3/2026,1,0,0,1.28,94.86,1.35,677,24,3.55,3/29/2026,Europe,549011,MLT,30437,53.3,Recommended,Johnson&Johnson,1,5/25/2021,13
Malta,701,9,665,27,3/31/2026,1,0,0,1.28,94.86,1.35,677,24,3.55,3/29/2026,Europe,549011,MLT,30437,53.3,Recommended,AstraZeneca,2,12/10/2021,55
Mauritania,6208,156,4653,1399,3/24/2026,37,0,223,2.51,74.95,3.35,5923,285,4.81,3/29/2026,Africa,5461319,MRT,12854,,Voluntary,Johnson&Johnson,1,9/9/2022,20
Mauritania,6208,156,4653,1399,3/23/2026,37,0,223,2.51,74.95,3.35,5923,285,4.81,3/29/2026,Africa,5461319,MRT,12854,,Age-Based Priority,Sinovac,2,3/8/2022,18
Mauritania,6208,156,4653,1399,3/28/2026,37,0,223,2.51,74.95,3.35,5923,285,4.81,3/29/2026,Africa,5461319,MRT,12854,,Voluntary,Pfizer,2,4/3/2021,11
Mauritius,344,10,332,2,3/24/2026,0,0,0,2.91,96.51,3.01,343,1,0.29,3/29/2026,Africa,1265059,MUS,16756,,Recommended,Moderna,2,12/25/2021,62
Mauritius,344,10,332,2,4/4/2026,0,0,0,2.91,96.51,3.01,343,1,0.29,3/29/2026,Africa,1265059,MUS,16756,,Age-Based Priority,Sinovac,2,10/6/2021,19
Mauritius,344,10,332,2,3/28/2026,0,0,0,2.91,96.51,3.01,343,1,0.29,3/29/2026,Africa,1265059,MUS,16756,,Voluntary,AstraZeneca,2,4/23/2022,14
Mauritius,344,10,332,2,3/30/2026,0,0,0,2.91,96.51,3.01,343,1,0.29,3/29/2026,Africa,1265059,MUS,16756,,Recommended,Johnson&Johnson,1,7/22/2021,11
Mexico,395489,44022,303810,47657,3/25/2026,4973,342,8588,11.13,76.82,14.49,349396,46093,13.19,3/29/2026,Americas,132997658,MEX,2030999,72.3,Mandatory,Sinovac,2,5/16/2021,67
Mexico,395489,44022,303810,47657,3/31/2026,4973,342,8588,11.13,76.82,14.49,349396,46093,13.19,3/29/2026,Americas,132997658,MEX,2030999,72.3,Age-Based Priority,Johnson&Johnson,1,7/19/2022,92
Mexico,395489,44022,303810,47657,4/4/2026,4973,342,8588,11.13,76.82,14.49,349396,46093,13.19,3/29/2026,Americas,132997658,MEX,2030999,72.3,Recommended,AstraZeneca,2,7/1/2021,78
Mexico,395489,44022,303810,47657,3/22/2026,4973,342,8588,11.13,76.82,14.49,349396,46093,13.19,3/29/2026,Americas,132997658,MEX,2030999,72.3,Age-Based Priority,Moderna,2,9/6/2021,36
Moldova,23154,748,16154,6252,4/3/2026,120,13,245,3.23,69.77,4.63,21115,2039,9.66,3/29/2026,Europe,2961253,MDA,21024,52.2,Mandatory,Johnson&Johnson,1,5/26/2022,53
Monaco,116,4,104,8,4/2/2026,0,0,0,3.45,89.66,3.85,109,7,6.42,3/29/2026,Europe,38087,MCO,,,Healthcare Priority,Johnson&Johnson,1,3/7/2022,39
Monaco,116,4,104,8,3/24/2026,0,0,0,3.45,89.66,3.85,109,7,6.42,3/29/2026,Europe,38087,MCO,,,Age-Based Priority,Sinovac,2,3/7/2021,15
Monaco,116,4,104,8,3/30/2026,0,0,0,3.45,89.66,3.85,109,7,6.42,3/29/2026,Europe,38087,MCO,,,Healthcare Priority,AstraZeneca,2,6/6/2022,67
Monaco,116,4,104,8,3/29/2026,0,0,0,3.45,89.66,3.85,109,7,6.42,3/29/2026,Europe,38087,MCO,,,Voluntary,Pfizer,2,5/23/2022,36
Mongolia,289,0,222,67,3/28/2026,1,0,4,0,76.82,0,287,2,0.7,3/29/2026,Western Pacific,3556798,MNG,26520,,Mandatory,Sinovac,2,6/2/2022,30
Mongolia,289,0,222,67,4/3/2026,1,0,4,0,76.82,0,287,2,0.7,3/29/2026,Western Pacific,3556798,MNG,26520,,Recommended,Moderna,2,6/28/2021,33
Mongolia,289,0,222,67,3/27/2026,1,0,4,0,76.82,0,287,2,0.7,3/29/2026,Western Pacific,3556798,MNG,26520,,Healthcare Priority,AstraZeneca,2,11/15/2021,64
Mongolia,289,0,222,67,3/29/2026,1,0,4,0,76.82,0,287,2,0.7,3/29/2026,Western Pacific,3556798,MNG,26520,,Recommended,Pfizer,2,3/12/2021,67
Montenegro,2893,45,809,2039,3/23/2026,94,2,70,1.56,27.96,5.56,2188,705,32.22,3/29/2026,Europe,626233,MNE,10229,47.4,Healthcare Priority,Moderna,2,11/25/2022,28
Montenegro,2893,45,809,2039,3/31/2026,94,2,70,1.56,27.96,5.56,2188,705,32.22,3/29/2026,Europe,626233,MNE,10229,47.4,Recommended,Pfizer,2,10/10/2022,49
Montenegro,2893,45,809,2039,3/25/2026,94,2,70,1.56,27.96,5.56,2188,705,32.22,3/29/2026,Europe,626233,MNE,10229,47.4,Healthcare Priority,AstraZeneca,2,4/26/2021,49
Montenegro,2893,45,809,2039,3/27/2026,94,2,70,1.56,27.96,5.56,2188,705,32.22,3/29/2026,Europe,626233,MNE,10229,47.4,Healthcare Priority,Sinovac,2,8/15/2022,13
Morocco,20887,316,16553,4018,3/31/2026,609,3,115,1.51,79.25,1.91,17562,3325,18.93,3/29/2026,Eastern Mediterranean,38762441,MAR,196121,46.8,Recommended,AstraZeneca,2,3/15/2021,83
Morocco,20887,316,16553,4018,3/29/2026,609,3,115,1.51,79.25,1.91,17562,3325,18.93,3/29/2026,Eastern Mediterranean,38762441,MAR,196121,46.8,Recommended,Sinovac,2,1/6/2021,14
Morocco,20887,316,16553,4018,3/28/2026,609,3,115,1.51,79.25,1.91,17562,3325,18.93,3/29/2026,Eastern Mediterranean,38762441,MAR,196121,46.8,Age-Based Priority,Johnson&Johnson,1,9/19/2021,19
Morocco,20887,316,16553,4018,3/27/2026,609,3,115,1.51,79.25,1.91,17562,3325,18.93,3/29/2026,Eastern Mediterranean,38762441,MAR,196121,46.8,Age-Based Priority,Moderna,2,4/22/2021,91
Mozambique,1701,11,0,1690,4/4/2026,32,0,0,0.65,0,inf,1507,194,12.87,3/29/2026,Africa,36639851,MOZ,26512,,Recommended,Johnson&Johnson,1,4/24/2022,51
Mozambique,1701,11,0,1690,4/1/2026,32,0,0,0.65,0,inf,1507,194,12.87,3/29/2026,Africa,36639851,MOZ,26512,,Age-Based Priority,Sinovac,2,11/29/2022,39
Mozambique,1701,11,0,1690,3/23/2026,32,0,0,0.65,0,inf,1507,194,12.87,3/29/2026,Africa,36639851,MOZ,26512,,Age-Based Priority,Pfizer,2,10/7/2022,73
Namibia,1843,8,101,1734,3/31/2026,68,0,26,0.43,5.48,7.92,1344,499,37.13,3/29/2026,Africa,3153246,NAM,16100,,Healthcare Priority,Sinovac,2,8/24/2022,51
Namibia,1843,8,101,1734,3/27/2026,68,0,26,0.43,5.48,7.92,1344,499,37.13,3/29/2026,Africa,3153246,NAM,16100,,Voluntary,Moderna,2,4/18/2022,67
Namibia,1843,8,101,1734,3/23/2026,68,0,26,0.43,5.48,7.92,1344,499,37.13,3/29/2026,Africa,3153246,NAM,16100,,Healthcare Priority,AstraZeneca,2,5/29/2021,85
Namibia,1843,8,101,1734,3/29/2026,68,0,26,0.43,5.48,7.92,1344,499,37.13,3/29/2026,Africa,3153246,NAM,16100,,Age-Based Priority,Johnson&Johnson,1,10/16/2022,74
Niger,1132,69,1027,36,4/3/2026,0,0,0,6.1,90.72,6.72,1105,27,2.44,3/29/2026,Africa,28814878,NER,26110,,Voluntary,Sinovac,2,10/11/2021,50
Niger,1132,69,1027,36,3/22/2026,0,0,0,6.1,90.72,6.72,1105,27,2.44,3/29/2026,Africa,28814878,NER,26110,,Voluntary,Moderna,2,8/28/2021,29
Niger,1132,69,1027,36,3/27/2026,0,0,0,6.1,90.72,6.72,1105,27,2.44,3/29/2026,Africa,28814878,NER,26110,,Voluntary,AstraZeneca,2,5/10/2022,30
Niger,1132,69,1027,36,3/24/2026,0,0,0,6.1,90.72,6.72,1105,27,2.44,3/29/2026,Africa,28814878,NER,26110,,Age-Based Priority,Johnson&Johnson,1,2/22/2021,22
Nigeria,41180,860,18203,22117,3/30/2026,648,2,829,2.09,44.2,4.72,37225,3955,10.62,3/29/2026,Africa,242431832,NGA,334341,48.3,Recommended,Johnson&Johnson,1,8/4/2022,42
Nigeria,41180,860,18203,22117,3/27/2026,648,2,829,2.09,44.2,4.72,37225,3955,10.62,3/29/2026,Africa,242431832,NGA,334341,48.3,Mandatory,Moderna,2,3/29/2021,71
North Macedonia,10213,466,5564,4183,3/29/2026,127,6,137,4.56,54.48,8.38,9249,964,10.42,3/29/2026,Europe,1804063,MKD,20751,55.4,Mandatory,Moderna,2,7/10/2022,73
North Macedonia,10213,466,5564,4183,3/27/2026,127,6,137,4.56,54.48,8.38,9249,964,10.42,3/29/2026,Europe,1804063,MKD,20751,55.4,Voluntary,Pfizer,2,3/17/2021,85
North Macedonia,10213,466,5564,4183,4/3/2026,127,6,137,4.56,54.48,8.38,9249,964,10.42,3/29/2026,Europe,1804063,MKD,20751,55.4,Voluntary,AstraZeneca,2,5/11/2021,48
North Macedonia,10213,466,5564,4183,3/31/2026,127,6,137,4.56,54.48,8.38,9249,964,10.42,3/29/2026,Europe,1804063,MKD,20751,55.4,Healthcare Priority,Johnson&Johnson,1,3/16/2022,67
Norway,9132,255,8752,125,4/4/2026,15,0,0,2.79,95.84,2.91,9034,98,1.08,3/29/2026,Europe,5652989,NOR,547693,75.8,Mandatory,Pfizer,2,6/19/2022,95
Norway,9132,255,8752,125,3/22/2026,15,0,0,2.79,95.84,2.91,9034,98,1.08,3/29/2026,Europe,5652989,NOR,547693,75.8,Mandatory,AstraZeneca,2,7/3/2022,27
Norway,9132,255,8752,125,4/3/2026,15,0,0,2.79,95.84,2.91,9034,98,1.08,3/29/2026,Europe,5652989,NOR,547693,75.8,Healthcare Priority,Moderna,2,3/27/2021,91
Oman,77058,393,57028,19637,3/22/2026,1053,9,1729,0.51,74.01,0.69,68400,8658,12.66,3/29/2026,Eastern Mediterranean,5671458,OMN,108913,63.5,Healthcare Priority,AstraZeneca,2,4/27/2022,80
Oman,77058,393,57028,19637,4/2/2026,1053,9,1729,0.51,74.01,0.69,68400,8658,12.66,3/29/2026,Eastern Mediterranean,5671458,OMN,108913,63.5,Mandatory,Sinovac,2,11/4/2021,24
Oman,77058,393,57028,19637,3/23/2026,1053,9,1729,0.51,74.01,0.69,68400,8658,12.66,3/29/2026,Eastern Mediterranean,5671458,OMN,108913,63.5,Mandatory,Johnson&Johnson,1,9/18/2021,95
Oman,77058,393,57028,19637,4/1/2026,1053,9,1729,0.51,74.01,0.69,68400,8658,12.66,3/29/2026,Eastern Mediterranean,5671458,OMN,108913,63.5,Age-Based Priority,Moderna,2,4/30/2022,52
Panama,61442,1322,35086,25034,3/31/2026,1146,28,955,2.15,57.1,3.77,54426,7016,12.89,3/29/2026,Americas,4625718,PAN,95905,61.2,Recommended,Moderna,2,10/12/2022,93
Papua New Guinea,62,0,11,51,4/2/2026,0,0,0,0,17.74,0,19,43,226.32,3/29/2026,Western Pacific,10947848,PNG,33463,,Healthcare Priority,AstraZeneca,2,10/3/2021,42
Paraguay,4548,43,2905,1600,3/24/2026,104,2,111,0.95,63.87,1.48,3748,800,21.34,3/29/2026,Americas,7095279,PRY,51669,,Healthcare Priority,AstraZeneca,2,11/18/2022,95
Paraguay,4548,43,2905,1600,3/22/2026,104,2,111,0.95,63.87,1.48,3748,800,21.34,3/29/2026,Americas,7095279,PRY,51669,,Healthcare Priority,Pfizer,2,11/12/2022,95
Peru,389717,18418,272547,98752,4/3/2026,13756,575,4697,4.73,69.93,6.76,357681,32036,8.96,3/29/2026,Americas,34922148,PER,326608,56.9,Recommended,Sinovac,2,9/17/2022,18
Peru,389717,18418,272547,98752,3/29/2026,13756,575,4697,4.73,69.93,6.76,357681,32036,8.96,3/29/2026,Americas,34922148,PER,326608,56.9,Mandatory,Moderna,2,5/11/2022,41
Peru,389717,18418,272547,98752,3/27/2026,13756,575,4697,4.73,69.93,6.76,357681,32036,8.96,3/29/2026,Americas,34922148,PER,326608,56.9,Healthcare Priority,AstraZeneca,2,1/15/2022,48
Peru,389717,18418,272547,98752,3/30/2026,13756,575,4697,4.73,69.93,6.76,357681,32036,8.96,3/29/2026,Americas,34922148,PER,326608,56.9,Healthcare Priority,Pfizer,2,7/4/2022,30
Philippines,82040,1945,26446,53649,3/24/2026,1592,13,336,2.37,32.24,7.35,68898,13142,19.07,3/29/2026,Western Pacific,117724471,PHL,533922,66.8,Healthcare Priority,Moderna,2,1/16/2021,65
Philippines,82040,1945,26446,53649,4/1/2026,1592,13,336,2.37,32.24,7.35,68898,13142,19.07,3/29/2026,Western Pacific,117724471,PHL,533922,66.8,Age-Based Priority,AstraZeneca,2,1/13/2022,61
Philippines,82040,1945,26446,53649,3/25/2026,1592,13,336,2.37,32.24,7.35,68898,13142,19.07,3/29/2026,Western Pacific,117724471,PHL,533922,66.8,Age-Based Priority,Sinovac,2,5/24/2021,78
Philippines,82040,1945,26446,53649,3/22/2026,1592,13,336,2.37,32.24,7.35,68898,13142,19.07,3/29/2026,Western Pacific,117724471,PHL,533922,66.8,Age-Based Priority,Pfizer,2,9/2/2022,11
Poland,43402,1676,32856,8870,4/3/2026,337,5,103,3.86,75.7,5.1,40383,3019,7.48,3/29/2026,Europe,37843188,POL,1109962,57.9,Mandatory,Sinovac,2,2/13/2021,27
Poland,43402,1676,32856,8870,3/31/2026,337,5,103,3.86,75.7,5.1,40383,3019,7.48,3/29/2026,Europe,37843188,POL,1109962,57.9,Mandatory,Johnson&Johnson,1,8/15/2022,54
Portugal,50299,1719,35375,13205,3/24/2026,135,2,158,3.42,70.33,4.86,48771,1528,3.13,3/29/2026,Europe,10395362,PRT,364527,72,Age-Based Priority,Sinovac,2,8/21/2022,68
Portugal,50299,1719,35375,13205,3/30/2026,135,2,158,3.42,70.33,4.86,48771,1528,3.13,3/29/2026,Europe,10395362,PRT,364527,72,Mandatory,Pfizer,2,2/20/2021,71
Qatar,109597,165,106328,3104,4/4/2026,292,0,304,0.15,97.02,0.16,107037,2560,2.39,3/29/2026,Eastern Mediterranean,3173559,QAT,239142,73.6,Voluntary,Pfizer,2,5/10/2022,30
Qatar,109597,165,106328,3104,3/30/2026,292,0,304,0.15,97.02,0.16,107037,2560,2.39,3/29/2026,Eastern Mediterranean,3173559,QAT,239142,73.6,Healthcare Priority,Sinovac,2,12/17/2020,35
Qatar,109597,165,106328,3104,3/25/2026,292,0,304,0.15,97.02,0.16,107037,2560,2.39,3/29/2026,Eastern Mediterranean,3173559,QAT,239142,73.6,Healthcare Priority,AstraZeneca,2,3/14/2022,68
Romania,45902,2206,25794,17902,3/28/2026,1104,19,151,4.81,56.19,8.55,38139,7763,20.35,3/29/2026,Europe,18800605,ROU,444807,56.5,Voluntary,Sinovac,2,8/1/2022,34
Russia,816680,13334,602249,201097,4/1/2026,5607,85,3077,1.63,73.74,2.21,776212,40468,5.21,3/29/2026,Europe,143394458,RUS,2509421,61.6,Mandatory,Sinovac,2,8/23/2021,32
Russia,816680,13334,602249,201097,3/24/2026,5607,85,3077,1.63,73.74,2.21,776212,40468,5.21,3/29/2026,Europe,143394458,RUS,2509421,61.6,Healthcare Priority,Pfizer,2,2/19/2022,49
Russia,816680,13334,602249,201097,3/26/2026,5607,85,3077,1.63,73.74,2.21,776212,40468,5.21,3/29/2026,Europe,143394458,RUS,2509421,61.6,Recommended,Moderna,2,10/23/2021,94
Rwanda,1879,5,975,899,3/24/2026,58,0,57,0.27,51.89,0.51,1629,250,15.35,3/29/2026,Africa,14889693,RWA,15472,,Voluntary,Johnson&Johnson,1,2/26/2021,19
Rwanda,1879,5,975,899,4/3/2026,58,0,57,0.27,51.89,0.51,1629,250,15.35,3/29/2026,Africa,14889693,RWA,15472,,Mandatory,AstraZeneca,2,8/4/2021,29
Rwanda,1879,5,975,899,3/30/2026,58,0,57,0.27,51.89,0.51,1629,250,15.35,3/29/2026,Africa,14889693,RWA,15472,,Recommended,Sinovac,2,7/1/2022,87
Saint Kitts and Nevis,17,0,15,2,3/29/2026,0,0,0,0,88.24,0,17,0,0,3/29/2026,Americas,46992,KNA,1190,,Mandatory,Pfizer,2,7/24/2021,13
Saint Kitts and Nevis,17,0,15,2,4/1/2026,0,0,0,0,88.24,0,17,0,0,3/29/2026,Americas,46992,KNA,1190,,Recommended,AstraZeneca,2,12/7/2021,21
Saint Kitts and Nevis,17,0,15,2,3/26/2026,0,0,0,0,88.24,0,17,0,0,3/29/2026,Americas,46992,KNA,1190,,Voluntary,Johnson&Johnson,1,11/3/2021,93
Saint Lucia,24,0,22,2,3/27/2026,0,0,0,0,91.67,0,23,1,4.35,3/29/2026,Americas,180488,LCA,2770,,Healthcare Priority,Sinovac,2,6/12/2021,49
Saint Vincent and the Grenadines,52,0,39,13,3/22/2026,0,0,0,0,75,0,50,2,4,3/29/2026,Americas,99245,VCT,1299,,Healthcare Priority,Johnson&Johnson,1,5/5/2022,31
San Marino,699,42,657,0,4/1/2026,0,0,0,6.01,93.99,6.39,699,0,0,3/29/2026,Europe,33605,SMR,2393,,Age-Based Priority,Moderna,2,1/19/2022,68
San Marino,699,42,657,0,3/28/2026,0,0,0,6.01,93.99,6.39,699,0,0,3/29/2026,Europe,33605,SMR,2393,,Mandatory,Johnson&Johnson,1,2/6/2021,95
San Marino,699,42,657,0,3/27/2026,0,0,0,6.01,93.99,6.39,699,0,0,3/29/2026,Europe,33605,SMR,2393,,Healthcare Priority,Sinovac,2,5/2/2021,14
Sao Tome and Principe,865,14,734,117,3/23/2026,2,0,38,1.62,84.86,1.91,746,119,15.95,3/29/2026,Africa,244994,STP,1125,,Voluntary,Moderna,2,8/27/2022,34
Sao Tome and Principe,865,14,734,117,3/29/2026,2,0,38,1.62,84.86,1.91,746,119,15.95,3/29/2026,Africa,244994,STP,1125,,Age-Based Priority,Johnson&Johnson,1,7/17/2021,64
Sao Tome and Principe,865,14,734,117,4/2/2026,2,0,38,1.62,84.86,1.91,746,119,15.95,3/29/2026,Africa,244994,STP,1125,,Recommended,AstraZeneca,2,9/21/2022,22
Saudi Arabia,268934,2760,222936,43238,3/24/2026,1993,27,2613,1.03,82.9,1.24,253349,15585,6.15,3/29/2026,Eastern Mediterranean,35165787,SAU,1316250,62.2,Healthcare Priority,Moderna,2,12/21/2021,44
Saudi Arabia,268934,2760,222936,43238,3/29/2026,1993,27,2613,1.03,82.9,1.24,253349,15585,6.15,3/29/2026,Eastern Mediterranean,35165787,SAU,1316250,62.2,Healthcare Priority,Johnson&Johnson,1,9/27/2022,13
Saudi Arabia,268934,2760,222936,43238,3/23/2026,1993,27,2613,1.03,82.9,1.24,253349,15585,6.15,3/29/2026,Eastern Mediterranean,35165787,SAU,1316250,62.2,Recommended,AstraZeneca,2,1/12/2021,73
Senegal,9764,194,6477,3093,3/29/2026,83,3,68,1.99,66.34,3,8948,816,9.12,3/29/2026,Africa,19366548,SEN,39986,,Mandatory,Moderna,2,6/29/2021,64
Senegal,9764,194,6477,3093,4/1/2026,83,3,68,1.99,66.34,3,8948,816,9.12,3/29/2026,Africa,19366548,SEN,39986,,Recommended,Pfizer,2,3/6/2022,10
Serbia,24141,543,0,23598,4/4/2026,411,9,0,2.25,0,inf,21253,2888,13.59,3/29/2026,Europe,6641964,SRB,112108,52.1,Recommended,Moderna,2,1/13/2022,41
Serbia,24141,543,0,23598,4/2/2026,411,9,0,2.25,0,inf,21253,2888,13.59,3/29/2026,Europe,6641964,SRB,112108,52.1,Age-Based Priority,Sinovac,2,9/16/2021,10
Serbia,24141,543,0,23598,3/24/2026,411,9,0,2.25,0,inf,21253,2888,13.59,3/29/2026,Europe,6641964,SRB,112108,52.1,Age-Based Priority,AstraZeneca,2,8/21/2021,22
Serbia,24141,543,0,23598,3/26/2026,411,9,0,2.25,0,inf,21253,2888,13.59,3/29/2026,Europe,6641964,SRB,112108,52.1,Voluntary,Johnson&Johnson,1,10/26/2022,92
Seychelles,114,0,39,75,4/4/2026,0,0,0,0,34.21,0,108,6,5.56,3/29/2026,Africa,134959,SYC,2249,,Recommended,AstraZeneca,2,7/13/2021,71
Seychelles,114,0,39,75,3/30/2026,0,0,0,0,34.21,0,108,6,5.56,3/29/2026,Africa,134959,SYC,2249,,Age-Based Priority,Moderna,2,5/15/2022,79
Seychelles,114,0,39,75,3/27/2026,0,0,0,0,34.21,0,108,6,5.56,3/29/2026,Africa,134959,SYC,2249,,Mandatory,Pfizer,2,9/3/2021,10
Sierra Leone,1783,66,1317,400,3/31/2026,0,0,4,3.7,73.86,5.01,1711,72,4.21,3/29/2026,Africa,8996745,SLE,9302,,Voluntary,Moderna,2,1/26/2021,41
Sierra Leone,1783,66,1317,400,3/23/2026,0,0,4,3.7,73.86,5.01,1711,72,4.21,3/29/2026,Africa,8996745,SLE,9302,,Mandatory,AstraZeneca,2,12/6/2022,38
Singapore,50838,27,45692,5119,3/25/2026,469,0,171,0.05,89.88,0.06,48035,2803,5.84,3/29/2026,Western Pacific,5905748,SGP,606225,,Healthcare Priority,Sinovac,2,2/9/2022,94
Singapore,50838,27,45692,5119,3/27/2026,469,0,171,0.05,89.88,0.06,48035,2803,5.84,3/29/2026,Western Pacific,5905748,SGP,606225,,Healthcare Priority,Johnson&Johnson,1,4/3/2022,53
Singapore,50838,27,45692,5119,3/26/2026,469,0,171,0.05,89.88,0.06,48035,2803,5.84,3/29/2026,Western Pacific,5905748,SGP,606225,,Recommended,AstraZeneca,2,9/1/2022,10
Slovakia,2181,28,1616,537,3/24/2026,2,0,39,1.28,74.09,1.73,1980,201,10.15,3/29/2026,Europe,5451342,SVK,167730,58.2,Recommended,Pfizer,2,1/31/2022,17
Slovakia,2181,28,1616,537,3/26/2026,2,0,39,1.28,74.09,1.73,1980,201,10.15,3/29/2026,Europe,5451342,SVK,167730,58.2,Recommended,Sinovac,2,6/23/2021,37
Slovenia,2087,116,1733,238,3/22/2026,5,0,55,5.56,83.04,6.69,1953,134,6.86,3/29/2026,Europe,2114573,SVN,85738,66.2,Age-Based Priority,Johnson&Johnson,1,12/7/2022,19
Slovenia,2087,116,1733,238,4/1/2026,5,0,55,5.56,83.04,6.69,1953,134,6.86,3/29/2026,Europe,2114573,SVN,85738,66.2,Voluntary,Pfizer,2,12/29/2021,82
Somalia,3196,93,1543,1560,3/28/2026,18,0,22,2.91,48.28,6.03,3130,66,2.11,3/29/2026,Eastern Mediterranean,20305907,SOM,13912,,Recommended,Moderna,2,7/22/2022,20
Somalia,3196,93,1543,1560,4/4/2026,18,0,22,2.91,48.28,6.03,3130,66,2.11,3/29/2026,Eastern Mediterranean,20305907,SOM,13912,,Age-Based Priority,Johnson&Johnson,1,6/24/2021,28
Somalia,3196,93,1543,1560,3/31/2026,18,0,22,2.91,48.28,6.03,3130,66,2.11,3/29/2026,Eastern Mediterranean,20305907,SOM,13912,,Age-Based Priority,Sinovac,2,4/28/2022,54
South Africa,452529,7067,274925,170537,4/4/2026,7096,298,9848,1.56,60.75,2.57,373628,78901,21.12,3/29/2026,Africa,65453084,ZAF,443643,64,Recommended,Sinovac,2,11/4/2022,68
South Korea,14203,300,13007,896,3/23/2026,28,1,102,2.11,91.58,2.31,13816,387,2.8,3/29/2026,Western Pacific,51600388,KOR,1936617,82.9,Mandatory,Moderna,2,6/12/2022,19
South Korea,14203,300,13007,896,3/31/2026,28,1,102,2.11,91.58,2.31,13816,387,2.8,3/29/2026,Western Pacific,51600388,KOR,1936617,82.9,Mandatory,AstraZeneca,2,5/30/2021,76
South Korea,14203,300,13007,896,4/4/2026,28,1,102,2.11,91.58,2.31,13816,387,2.8,3/29/2026,Western Pacific,51600388,KOR,1936617,82.9,Voluntary,Sinovac,2,12/22/2022,67
South Sudan,2305,46,1175,1084,3/25/2026,43,1,0,2,50.98,3.91,2211,94,4.25,3/29/2026,Africa,12436037,SSD,6033,,Voluntary,Moderna,2,1/2/2021,52
South Sudan,2305,46,1175,1084,3/28/2026,43,1,0,2,50.98,3.91,2211,94,4.25,3/29/2026,Africa,12436037,SSD,6033,,Age-Based Priority,Sinovac,2,6/9/2021,55
Spain,272421,28432,150376,93613,3/27/2026,0,0,0,10.44,55.2,18.91,264836,7585,2.86,3/29/2026,Europe,47850793,ESP,2041830,77.2,Recommended,AstraZeneca,2,10/31/2021,62
Spain,272421,28432,150376,93613,3/31/2026,0,0,0,10.44,55.2,18.91,264836,7585,2.86,3/29/2026,Europe,47850793,ESP,2041830,77.2,Healthcare Priority,Moderna,2,9/29/2022,19
Spain,272421,28432,150376,93613,3/22/2026,0,0,0,10.44,55.2,18.91,264836,7585,2.86,3/29/2026,Europe,47850793,ESP,2041830,77.2,Healthcare Priority,Pfizer,2,11/12/2022,13
Sri Lanka,2805,11,2121,673,3/23/2026,23,0,15,0.39,75.61,0.52,2730,75,2.75,3/29/2026,South-East Asia,23348315,LKA,98964,70.7,Voluntary,Johnson&Johnson,1,1/2/2021,26
Sri Lanka,2805,11,2121,673,4/3/2026,23,0,15,0.39,75.61,0.52,2730,75,2.75,3/29/2026,South-East Asia,23348315,LKA,98964,70.7,Recommended,Sinovac,2,8/14/2022,88
Sri Lanka,2805,11,2121,673,4/1/2026,23,0,15,0.39,75.61,0.52,2730,75,2.75,3/29/2026,South-East Asia,23348315,LKA,98964,70.7,Mandatory,AstraZeneca,2,10/3/2022,54
Sudan,11424,720,5939,4765,3/28/2026,39,3,49,6.3,51.99,12.12,10992,432,3.93,3/29/2026,Eastern Mediterranean,53282719,SDN,39474,,Mandatory,Johnson&Johnson,1,9/2/2021,72
Suriname,1483,24,925,534,4/2/2026,44,1,35,1.62,62.37,2.59,1079,404,37.44,3/29/2026,Americas,645256,SUR,4870,,Recommended,Pfizer,2,6/5/2022,20
Suriname,1483,24,925,534,3/28/2026,44,1,35,1.62,62.37,2.59,1079,404,37.44,3/29/2026,Americas,645256,SUR,4870,,Healthcare Priority,Moderna,2,1/9/2022,15
Suriname,1483,24,925,534,3/31/2026,44,1,35,1.62,62.37,2.59,1079,404,37.44,3/29/2026,Americas,645256,SUR,4870,,Healthcare Priority,Johnson&Johnson,1,2/28/2021,19
Sweden,79395,5700,0,73695,3/26/2026,398,3,0,7.18,0,inf,78048,1347,1.73,3/29/2026,Europe,10701047,SWE,711503,68.3,Healthcare Priority,Moderna,2,4/22/2021,78
Switzerland,34477,1978,30900,1599,3/23/2026,65,1,200,5.74,89.62,6.4,33634,843,2.51,3/29/2026,Europe,9007798,CHE,1074588,71.2,Age-Based Priority,Moderna,2,11/18/2022,46
Switzerland,34477,1978,30900,1599,3/22/2026,65,1,200,5.74,89.62,6.4,33634,843,2.51,3/29/2026,Europe,9007798,CHE,1074588,71.2,Healthcare Priority,AstraZeneca,2,5/28/2022,82
Syria,674,40,0,634,3/22/2026,24,2,0,5.93,0,inf,522,152,29.12,3/29/2026,Eastern Mediterranean,26472497,SYR,,35.4,Recommended,Moderna,2,11/12/2021,44
Syria,674,40,0,634,4/3/2026,24,2,0,5.93,0,inf,522,152,29.12,3/29/2026,Eastern Mediterranean,26472497,SYR,,35.4,Recommended,Johnson&Johnson,1,8/29/2021,59
Taiwan*,462,7,440,15,3/24/2026,4,0,0,1.52,95.24,1.59,451,11,2.44,3/29/2026,Western Pacific,23011292,TWN,971448,87.1,Mandatory,Pfizer,2,8/3/2022,62
Taiwan*,462,7,440,15,3/29/2026,4,0,0,1.52,95.24,1.59,451,11,2.44,3/29/2026,Western Pacific,23011292,TWN,971448,87.1,Mandatory,AstraZeneca,2,10/12/2021,29
Taiwan*,462,7,440,15,3/28/2026,4,0,0,1.52,95.24,1.59,451,11,2.44,3/29/2026,Western Pacific,23011292,TWN,971448,87.1,Recommended,Moderna,2,6/12/2021,73
Tajikistan,7235,60,6028,1147,4/4/2026,43,1,58,0.83,83.32,1,6921,314,4.54,3/29/2026,Europe,10978599,TJK,18941,,Age-Based Priority,Pfizer,2,3/15/2021,32
Tanzania,509,21,183,305,3/26/2026,0,0,0,4.13,35.95,11.48,509,0,0,3/29/2026,Africa,72563780,TZA,95349,,Mandatory,Pfizer,2,12/29/2020,48
Thailand,3297,58,3111,128,3/29/2026,6,0,2,1.76,94.36,1.86,3250,47,1.45,3/29/2026,South-East Asia,71559614,THA,561509,77.5,Healthcare Priority,Sinovac,2,11/28/2022,35
Thailand,3297,58,3111,128,3/24/2026,6,0,2,1.76,94.36,1.86,3250,47,1.45,3/29/2026,South-East Asia,71559614,THA,561509,77.5,Mandatory,Moderna,2,1/31/2022,69
Thailand,3297,58,3111,128,3/22/2026,6,0,2,1.76,94.36,1.86,3250,47,1.45,3/29/2026,South-East Asia,71559614,THA,561509,77.5,Recommended,Johnson&Johnson,1,3/15/2021,79
Timor-Leste,24,0,0,24,4/2/2026,0,0,0,0,0,0,24,0,0,3/29/2026,South-East Asia,1436923,TLS,2208,,Recommended,Pfizer,2,9/26/2022,25
Timor-Leste,24,0,0,24,3/22/2026,0,0,0,0,0,0,24,0,0,3/29/2026,South-East Asia,1436923,TLS,2208,,Mandatory,Sinovac,2,10/6/2021,80
Togo,874,18,607,249,3/28/2026,6,0,8,2.06,69.45,2.97,783,91,11.62,3/29/2026,Africa,9930918,TGO,12176,,Mandatory,AstraZeneca,2,3/31/2021,21
Togo,874,18,607,249,3/31/2026,6,0,8,2.06,69.45,2.97,783,91,11.62,3/29/2026,Africa,9930918,TGO,12176,,Mandatory,Moderna,2,5/10/2022,28
Trinidad and Tobago,148,8,128,12,3/30/2026,1,0,0,5.41,86.49,6.25,137,11,8.03,3/29/2026,Americas,1513268,TTO,26758,53.6,Age-Based Priority,Sinovac,2,3/19/2022,50
Trinidad and Tobago,148,8,128,12,4/4/2026,1,0,0,5.41,86.49,6.25,137,11,8.03,3/29/2026,Americas,1513268,TTO,26758,53.6,Healthcare Priority,AstraZeneca,2,12/2/2022,64
Tunisia,1455,50,1157,248,3/28/2026,3,0,15,3.44,79.52,4.32,1381,74,5.36,3/29/2026,Eastern Mediterranean,12415138,TUN,60434,56.6,Healthcare Priority,Sinovac,2,7/3/2022,24
Turkey,227019,5630,210469,10920,4/2/2026,919,17,982,2.48,92.71,2.67,220572,6447,2.92,3/29/2026,Europe,87926082,TUR,1576110,71.3,Age-Based Priority,Moderna,2,10/30/2021,61
US,4290259,148011,1325804,2816444,3/27/2026,56336,1076,27941,3.45,30.9,11.16,3834677,455582,11.88,3/29/2026,Americas,349035494,USA,31821293,67,Healthcare Priority,Johnson&Johnson,1,8/25/2021,32
US,4290259,148011,1325804,2816444,3/26/2026,56336,1076,27941,3.45,30.9,11.16,3834677,455582,11.88,3/29/2026,Americas,349035494,USA,31821293,67,Recommended,Sinovac,2,7/16/2022,51
US,4290259,148011,1325804,2816444,3/28/2026,56336,1076,27941,3.45,30.9,11.16,3834677,455582,11.88,3/29/2026,Americas,349035494,USA,31821293,67,Healthcare Priority,Pfizer,2,2/17/2021,30
Uganda,1128,2,986,140,3/26/2026,13,0,4,0.18,87.41,0.2,1069,59,5.52,3/29/2026,Africa,52761469,UGA,72456,,Age-Based Priority,Johnson&Johnson,1,5/31/2021,64
Uganda,1128,2,986,140,3/24/2026,13,0,4,0.18,87.41,0.2,1069,59,5.52,3/29/2026,Africa,52761469,UGA,72456,,Age-Based Priority,Moderna,2,1/22/2021,23
Uganda,1128,2,986,140,3/27/2026,13,0,4,0.18,87.41,0.2,1069,59,5.52,3/29/2026,Africa,52761469,UGA,72456,,Healthcare Priority,AstraZeneca,2,11/19/2021,42
Uganda,1128,2,986,140,3/30/2026,13,0,4,0.18,87.41,0.2,1069,59,5.52,3/29/2026,Africa,52761469,UGA,72456,,Recommended,Pfizer,2,12/7/2020,35
Ukraine,67096,1636,37202,28258,3/28/2026,835,11,317,2.44,55.45,4.4,60767,6329,10.42,3/29/2026,Europe,39535849,UKR,224259,55.8,Mandatory,Johnson&Johnson,1,4/13/2021,26
Ukraine,67096,1636,37202,28258,3/22/2026,835,11,317,2.44,55.45,4.4,60767,6329,10.42,3/29/2026,Europe,39535849,UKR,224259,55.8,Recommended,Moderna,2,10/19/2022,49
Ukraine,67096,1636,37202,28258,3/24/2026,835,11,317,2.44,55.45,4.4,60767,6329,10.42,3/29/2026,Europe,39535849,UKR,224259,55.8,Voluntary,AstraZeneca,2,7/25/2022,11
Ukraine,67096,1636,37202,28258,3/23/2026,835,11,317,2.44,55.45,4.4,60767,6329,10.42,3/29/2026,Europe,39535849,UKR,224259,55.8,Voluntary,Sinovac,2,9/20/2022,64
United Arab Emirates,59177,345,52510,6322,4/2/2026,264,1,328,0.58,88.73,0.66,57193,1984,3.47,3/29/2026,Eastern Mediterranean,11574682,ARE,601163,70.8,Voluntary,Sinovac,2,7/6/2022,76
United Kingdom,301708,45844,1437,254427,3/24/2026,688,7,3,15.19,0.48,3190.26,296944,4764,1.6,3/29/2026,Europe,69931528,GBR,4225639,72.7,Voluntary,Pfizer,2,8/9/2022,41
United Kingdom,301708,45844,1437,254427,3/23/2026,688,7,3,15.19,0.48,3190.26,296944,4764,1.6,3/29/2026,Europe,69931528,GBR,4225639,72.7,Age-Based Priority,Johnson&Johnson,1,1/12/2022,38
United Kingdom,301708,45844,1437,254427,3/31/2026,688,7,3,15.19,0.48,3190.26,296944,4764,1.6,3/29/2026,Europe,69931528,GBR,4225639,72.7,Age-Based Priority,AstraZeneca,2,2/6/2021,70
Uruguay,1202,35,951,216,3/25/2026,10,1,3,2.91,79.12,3.68,1064,138,12.97,3/29/2026,Americas,3382537,URY,90640,68.5,Age-Based Priority,Sinovac,2,12/9/2021,83
Uruguay,1202,35,951,216,4/2/2026,10,1,3,2.91,79.12,3.68,1064,138,12.97,3/29/2026,Americas,3382537,URY,90640,68.5,Mandatory,Johnson&Johnson,1,7/20/2022,13
Uruguay,1202,35,951,216,3/22/2026,10,1,3,2.91,79.12,3.68,1064,138,12.97,3/29/2026,Americas,3382537,URY,90640,68.5,Healthcare Priority,AstraZeneca,2,11/28/2022,45
Uruguay,1202,35,951,216,4/3/2026,10,1,3,2.91,79.12,3.68,1064,138,12.97,3/29/2026,Americas,3382537,URY,90640,68.5,Mandatory,Pfizer,2,2/26/2021,29
Uzbekistan,21209,121,11674,9414,3/29/2026,678,5,569,0.57,55.04,1.04,17149,4060,23.67,3/29/2026,Europe,37724223,UZB,159199,,Age-Based Priority,Moderna,2,6/24/2021,84
Uzbekistan,21209,121,11674,9414,3/27/2026,678,5,569,0.57,55.04,1.04,17149,4060,23.67,3/29/2026,Europe,37724223,UZB,159199,,Voluntary,AstraZeneca,2,12/8/2022,84
Venezuela,15988,146,9959,5883,3/25/2026,525,4,213,0.91,62.29,1.47,12334,3654,29.63,3/29/2026,Americas,28633711,VEN,79916,39.9,Voluntary,AstraZeneca,2,3/23/2021,61
Vietnam,431,0,365,66,3/25/2026,11,0,0,0,84.69,0,384,47,12.24,3/29/2026,Western Pacific,102177431,VNM,511059,62.2,Healthcare Priority,Sinovac,2,4/26/2021,65
Vietnam,431,0,365,66,3/29/2026,11,0,0,0,84.69,0,384,47,12.24,3/29/2026,Western Pacific,102177431,VNM,511059,62.2,Age-Based Priority,AstraZeneca,2,2/14/2021,52
West Bank and Gaza,10621,78,3752,6791,3/25/2026,152,2,0,0.73,35.33,2.08,8916,1705,19.12,3/29/2026,Eastern Mediterranean,5692790,PSE,13711,,Voluntary,Johnson&Johnson,1,3/12/2021,26
Western Sahara,10,1,8,1,4/1/2026,0,0,0,10,80,12.5,10,0,0,3/29/2026,Africa,610813,ESH,,,Age-Based Priority,AstraZeneca,2,3/19/2021,78
Western Sahara,10,1,8,1,4/3/2026,0,0,0,10,80,12.5,10,0,0,3/29/2026,Africa,610813,ESH,,,Mandatory,Johnson&Johnson,1,6/14/2022,74
Western Sahara,10,1,8,1,3/28/2026,0,0,0,10,80,12.5,10,0,0,3/29/2026,Africa,610813,ESH,,,Recommended,Pfizer,2,4/29/2022,67
Western Sahara,10,1,8,1,3/29/2026,0,0,0,10,80,12.5,10,0,0,3/29/2026,Africa,610813,ESH,,,Age-Based Priority,Moderna,2,5/19/2022,60
Yemen,1691,483,833,375,3/31/2026,10,4,36,28.56,49.26,57.98,1619,72,4.45,3/29/2026,Eastern Mediterranean,42961653,YEM,17240,,Mandatory,Johnson&Johnson,1,8/25/2021,29
Zambia,4552,140,2815,1597,3/29/2026,71,1,465,3.08,61.84,4.97,3326,1226,36.86,3/29/2026,Africa,22521915,ZMB,33945,,Recommended,AstraZeneca,2,4/4/2021,34
Zambia,4552,140,2815,1597,3/31/2026,71,1,465,3.08,61.84,4.97,3326,1226,36.86,3/29/2026,Africa,22521915,ZMB,33945,,Voluntary,Pfizer,2,12/6/2020,18
Zambia,4552,140,2815,1597,3/25/2026,71,1,465,3.08,61.84,4.97,3326,1226,36.86,3/29/2026,Africa,22521915,ZMB,33945,,Recommended,Johnson&Johnson,1,2/7/2022,27
Zambia,4552,140,2815,1597,3/22/2026,71,1,465,3.08,61.84,4.97,3326,1226,36.86,3/29/2026,Africa,22521915,ZMB,33945,,Voluntary,Moderna,2,11/26/2021,91
Zimbabwe,2704,36,542,2126,4/1/2026,192,2,24,1.33,20.04,6.64,1713,991,57.85,3/29/2026,Africa,17273580,ZWE,55434,,Voluntary,Sinovac,2,1/22/2021,15
Zimbabwe,2704,36,542,2126,3/30/2026,192,2,24,1.33,20.04,6.64,1713,991,57.85,3/29/2026,Africa,17273580,ZWE,55434,,Age-Based Priority,AstraZeneca,2,5/20/2021,69
Zimbabwe,2704,36,542,2126,3/27/2026,192,2,24,1.33,20.04,6.64,1713,991,57.85,3/29/2026,Africa,17273580,ZWE,55434,,Healthcare Priority,Johnson&Johnson,1,7/23/2021,54
Zimbabwe,2704,36,542,2126,3/26/2026,192,2,24,1.33,20.04,6.64,1713,991,57.85,3/29/2026,Africa,17273580,ZWE,55434,,Voluntary,Pfizer,2,11/23/2022,90
