CON_ID,WEEK_START,NEW_CONFIRM,NEW_DEATH,NEW_RECOV,WEEKLY_INC
1,3/29/2026,106,10,18,737
2,3/29/2026,117,6,63,709
3,3/29/2026,616,8,749,4282
4,3/29/2026,10,0,0,23
5,3/29/2026,18,1,0,201
6,3/29/2026,4,0,5,10
7,3/29/2026,4890,120,2057,36642
8,3/29/2026,73,6,187,2409
9,3/29/2026,368,6,137,2875
10,3/29/2026,86,1,37,815
11,3/29/2026,396,6,558,2556
12,3/29/2026,40,0,0,208
13,3/29/2026,351,1,421,2546
14,3/29/2026,2772,37,1801,18772
15,3/29/2026,0,0,0,4
16,3/29/2026,119,4,67,1038
17,3/29/2026,402,1,14,2334
18,3/29/2026,0,0,0,8
19,3/29/2026,0,0,0,168
20,3/29/2026,4,0,1,9
21,3/29/2026,1752,64,309,10190
22,3/29/2026,731,14,375,2019
23,3/29/2026,53,1,11,217
24,3/29/2026,23284,614,33728,323729
25,3/29/2026,0,0,0,0
26,3/29/2026,194,7,230,1692
27,3/29/2026,14,0,6,35
28,3/29/2026,0,0,2,9
29,3/29/2026,17,0,22,56
30,3/29/2026,21,0,103,257
31,3/29/2026,1,0,4,55
32,3/29/2026,402,6,0,953
33,3/29/2026,682,11,0,3533
34,3/29/2026,0,0,0,51
35,3/29/2026,7,0,0,33
36,3/29/2026,2133,75,1859,14894
37,3/29/2026,213,4,7,1161
38,3/29/2026,16306,508,11494,53096
39,3/29/2026,0,0,0,20
40,3/29/2026,162,3,73,349
41,3/29/2026,13,4,190,401
42,3/29/2026,612,11,88,4307
43,3/29/2026,59,0,183,1343
44,3/29/2026,24,3,70,511
45,3/29/2026,37,0,2,86
46,3/29/2026,3,0,0,22
47,3/29/2026,192,2,0,1418
48,3/29/2026,109,0,77,308
49,3/29/2026,9,0,11,39
50,3/29/2026,0,0,0,0
51,3/29/2026,1248,20,1601,10200
52,3/29/2026,467,17,0,6541
53,3/29/2026,420,46,1007,4080
54,3/29/2026,405,8,130,2828
55,3/29/2026,0,0,0,0
56,3/29/2026,2,0,2,14
57,3/29/2026,0,0,1,13
58,3/29/2026,109,2,39,490
59,3/29/2026,579,5,170,4340
60,3/29/2026,0,0,0,0
61,3/29/2026,5,0,0,58
62,3/29/2026,2551,17,267,6329
63,3/29/2026,205,0,219,756
64,3/29/2026,49,2,6,214
65,3/29/2026,6,0,2,98
66,3/29/2026,445,1,259,3787
67,3/29/2026,655,0,307,5194
68,3/29/2026,34,0,0,215
69,3/29/2026,1,0,0,1
70,3/29/2026,0,0,0,0
71,3/29/2026,256,27,843,6270
72,3/29/2026,47,2,105,465
73,3/29/2026,0,0,0,5
74,3/29/2026,19,0,0,52
75,3/29/2026,25,1,0,287
76,3/29/2026,0,0,0,0
77,3/29/2026,465,50,117,5130
78,3/29/2026,13,0,0,109
79,3/29/2026,7,0,0,15
80,3/29/2026,44457,637,33598,324735
81,3/29/2026,1525,57,1518,12089
82,3/29/2026,2434,212,1931,17404
83,3/29/2026,2553,96,1927,17892
84,3/29/2026,11,0,0,126
85,3/29/2026,2029,4,108,11982
86,3/29/2026,168,5,147,1662
87,3/29/2026,11,0,0,44
88,3/29/2026,594,0,364,5436
89,3/29/2026,8,0,0,-47
90,3/29/2026,1526,0,1833,11180
91,3/29/2026,372,5,90,4204
92,3/29/2026,496,16,274,1536
93,3/29/2026,606,5,684,4616
94,3/29/2026,483,24,817,6153
95,3/29/2026,0,0,0,1
96,3/29/2026,0,0,0,27
97,3/29/2026,132,0,17,977
98,3/29/2026,0,0,0,146
99,3/29/2026,5,0,5,60
100,3/29/2026,158,4,24,847
101,3/29/2026,0,0,0,0
102,3/29/2026,11,0,4,72
103,3/29/2026,49,0,178,682
104,3/29/2026,395,6,681,2537
105,3/29/2026,24,0,6,672
106,3/29/2026,7,0,1,104
107,3/29/2026,67,0,19,370
108,3/29/2026,3,1,2,38
109,3/29/2026,1,0,0,24
110,3/29/2026,37,0,223,285
111,3/29/2026,0,0,0,1
112,3/29/2026,4973,342,8588,46093
113,3/29/2026,120,13,245,2039
114,3/29/2026,0,0,0,7
115,3/29/2026,1,0,4,2
116,3/29/2026,94,2,70,705
117,3/29/2026,609,3,115,3325
118,3/29/2026,32,0,0,194
119,3/29/2026,68,0,26,499
120,3/29/2026,0,0,0,27
121,3/29/2026,648,2,829,3955
122,3/29/2026,127,6,137,964
123,3/29/2026,15,0,0,98
124,3/29/2026,1053,9,1729,8658
125,3/29/2026,1146,28,955,7016
126,3/29/2026,0,0,0,43
127,3/29/2026,104,2,111,800
128,3/29/2026,13756,575,4697,32036
129,3/29/2026,1592,13,336,13142
130,3/29/2026,337,5,103,3019
131,3/29/2026,135,2,158,1528
132,3/29/2026,292,0,304,2560
133,3/29/2026,1104,19,151,7763
134,3/29/2026,5607,85,3077,40468
135,3/29/2026,58,0,57,250
136,3/29/2026,0,0,0,0
137,3/29/2026,0,0,0,1
138,3/29/2026,0,0,0,2
139,3/29/2026,0,0,0,0
140,3/29/2026,2,0,38,119
141,3/29/2026,1993,27,2613,15585
142,3/29/2026,83,3,68,816
143,3/29/2026,411,9,0,2888
144,3/29/2026,0,0,0,6
145,3/29/2026,0,0,4,72
146,3/29/2026,469,0,171,2803
147,3/29/2026,2,0,39,201
148,3/29/2026,5,0,55,134
149,3/29/2026,18,0,22,66
150,3/29/2026,7096,298,9848,78901
151,3/29/2026,28,1,102,387
152,3/29/2026,43,1,0,94
153,3/29/2026,0,0,0,7585
154,3/29/2026,23,0,15,75
155,3/29/2026,39,3,49,432
156,3/29/2026,44,1,35,404
157,3/29/2026,398,3,0,1347
158,3/29/2026,65,1,200,843
159,3/29/2026,24,2,0,152
160,3/29/2026,4,0,0,11
161,3/29/2026,43,1,58,314
162,3/29/2026,0,0,0,0
163,3/29/2026,6,0,2,47
164,3/29/2026,0,0,0,0
165,3/29/2026,6,0,8,91
166,3/29/2026,1,0,0,11
167,3/29/2026,3,0,15,74
168,3/29/2026,919,17,982,6447
169,3/29/2026,56336,1076,27941,455582
170,3/29/2026,13,0,4,59
171,3/29/2026,835,11,317,6329
172,3/29/2026,264,1,328,1984
173,3/29/2026,688,7,3,4764
174,3/29/2026,10,1,3,138
175,3/29/2026,678,5,569,4060
176,3/29/2026,525,4,213,3654
177,3/29/2026,11,0,0,47
178,3/29/2026,152,2,0,1705
179,3/29/2026,0,0,0,0
180,3/29/2026,10,4,36,72
181,3/29/2026,71,1,465,1226
182,3/29/2026,192,2,24,991
